Ryan Eades,/players/e/eadesry01.shtml,(2019-2019)
Adam Eaton,/players/e/eatonad02.shtml,(2012-2021)
Tommy Edman,/players/e/edmanto01.shtml,(2019-2021)
Carl Edwards Jr.,/players/e/edwarca01.shtml,(2015-2021)
Zach Eflin,/players/e/eflinza01.shtml,(2016-2021)
Brett Eibner,/players/e/eibnebr01.shtml,(2016-2020)
Jerad Eickhoff,/players/e/eickhje01.shtml,(2015-2019)
Roenis Elias,/players/e/eliasro01.shtml,(2014-2019)
Seth Elledge,/players/e/elledse01.shtml,(2020-2021)
Chris Ellis,/players/e/ellisch01.shtml,(2019-2019)
Kent Emanuel,/players/e/emanuke01.shtml,(2021-2021)
Adam Engel,/players/e/engelad01.shtml,(2017-2020)
Dietrich Enns,/players/e/ennsdi01.shtml,(2017-2017)
Nathan Eovaldi,/players/e/eovalna01.shtml,(2011-2021)
Phil Ervin,/players/e/ervinph01.shtml,(2017-2020)
Alcides Escobar,/players/e/escobal02.shtml,(2008-2018)
Eduardo Escobar,/players/e/escobed01.shtml,(2011-2021)
Thomas Eshelman,/players/e/eshelto01.shtml,(2019-2020)
Santiago Espinal,/players/e/espinsa01.shtml,(2020-2021)
Paolo Espino,/players/e/espinpa01.shtml,(2017-2021)
Carlos Estevez,/players/e/estevca01.shtml,(2016-2021)
Thairo Estrada,/players/e/estrath01.shtml,(2019-2020)
Demarcus Evans,/players/e/evansde01.shtml,(2020-2020)
Phillip Evans,/players/e/evansph01.shtml,(2017-2021)
Michael Wacha,/players/w/wachami01.shtml,(2013-2021)
Brandon Waddell,/players/w/waddebr01.shtml,(2020-2021)
LaMonte Wade Jr,/players/w/wadela01.shtml,(2019-2021)
Tyler Wade,/players/w/wadety01.shtml,(2017-2021)
Jacob Waguespack,/players/w/wagueja01.shtml,(2019-2020)
Bobby Wahl,/players/w/wahlbo01.shtml,(2017-2020)
Adam Wainwright,/players/w/wainwad01.shtml,(2005-2021)
Marcus Walden,/players/w/waldema01.shtml,(2018-2020)
Mitch Walding,/players/w/waldimi01.shtml,(2018-2019)
Christian Walker,/players/w/walkech02.shtml,(2014-2021)
Taijuan Walker,/players/w/walketa01.shtml,(2013-2021)
Chad Wallach,/players/w/wallach01.shtml,(2017-2021)
Jared Walsh,/players/w/walshja01.shtml,(2019-2021)
Donovan Walton,/players/w/waltodo01.shtml,(2019-2021)
Taylor Ward,/players/w/wardta01.shtml,(2018-2021)
Adam Warren,/players/w/warread01.shtml,(2012-2019)
Art Warren,/players/w/warrear01.shtml,(2019-2021)
Tony Watson,/players/w/watsoto01.shtml,(2011-2021)
Ryan Weathers,/players/w/weathry01.shtml,(2020-2021)
Luke Weaver,/players/w/weavelu01.shtml,(2016-2021)
Jacob Webb,/players/w/webbja01.shtml,(2019-2021)
Logan Webb,/players/w/webblo01.shtml,(2019-2021)
Tyler Webb,/players/w/webbty01.shtml,(2017-2021)
Ryan Weber,/players/w/weberry01.shtml,(2015-2020)
Jordan Weems,/players/w/weemsjo01.shtml,(2020-2021)
Patrick Weigel,/players/w/weigepa01.shtml,(2020-2021)
Tyler Wells,/players/w/wellsty01.shtml,(2021-2021)
J.B. Wendelken,/players/w/wendejb01.shtml,(2016-2021)
Joey Wendle,/players/w/wendljo01.shtml,(2016-2021)
Zack Wheeler,/players/w/wheelza01.shtml,(2013-2021)
Eli White,/players/w/whiteel04.shtml,(2020-2021)
Evan White,/players/w/whiteev01.shtml,(2020-2021)
Mitch White,/players/w/whitemi03.shtml,(2020-2021)
Tyler White,/players/w/whitety01.shtml,(2016-2019)
Aaron Whitefield,/players/w/whiteaa01.shtml,(2020-2020)
Kodi Whitley,/players/w/whitlko01.shtml,(2020-2021)
Garrett Whitlock,/players/w/whitlga01.shtml,(2021-2021)
Rowan Wick,/players/w/wickro01.shtml,(2018-2020)
Taylor Widener,/players/w/widenta01.shtml,(2020-2021)
Brad Wieck,/players/w/wieckbr01.shtml,(2018-2021)
Joe Wieland,/players/w/wielajo01.shtml,(2012-2016)
Aaron Wilkerson,/players/w/wilkeaa01.shtml,(2017-2019)
Stevie Wilkerson,/players/w/wilkest01.shtml,(2018-2019)
Devin Williams,/players/w/willide03.shtml,(2019-2021)
Justin Williams,/players/w/williju02.shtml,(2018-2021)
Mason Williams,/players/w/willima10.shtml,(2015-2020)
Nick Williams,/players/w/willini01.shtml,(2017-2021)
Taylor Williams,/players/w/willita01.shtml,(2017-2021)
Trevor Williams,/players/w/willitr01.shtml,(2016-2021)
Bryse Wilson,/players/w/wilsobr02.shtml,(2018-2021)
Cody Wilson,/players/w/wilsoco01.shtml,(2021-2021)
Justin Wilson,/players/w/wilsoju10.shtml,(2012-2021)
Trey Wingenter,/players/w/wingetr01.shtml,(2018-2019)
Jesse Winker,/players/w/winkeje01.shtml,(2017-2021)
Dan Winkler,/players/w/winklda01.shtml,(2015-2021)
Patrick Wisdom,/players/w/wisdopa01.shtml,(2018-2020)
Matt Wisler,/players/w/wislema01.shtml,(2015-2021)
Nick Wittgren,/players/w/wittgni01.shtml,(2016-2021)
Asher Wojciechowski,/players/w/wojcias01.shtml,(2015-2020)
Tony Wolters,/players/w/wolteto01.shtml,(2016-2021)
Kean Wong,/players/w/wongke01.shtml,(2019-2019)
Kolten Wong,/players/w/wongko01.shtml,(2013-2021)
Alex Wood,/players/w/woodal02.shtml,(2013-2021)
Hunter Wood,/players/w/woodhu01.shtml,(2017-2021)
Jake Woodford,/players/w/woodfja01.shtml,(2020-2021)
Brandon Woodruff,/players/w/woodrbr01.shtml,(2017-2021)
Brandon Workman,/players/w/workmbr01.shtml,(2013-2021)
Kyle Wright,/players/w/wrighky01.shtml,(2018-2021)
Mike Wright,/players/w/wrighmi01.shtml,(2015-2019)
Steven Wright,/players/w/wrighst01.shtml,(2013-2019)
Austin Wynns,/players/w/wynnsau01.shtml,(2018-2019)
Kevin Quackenbush,/players/q/quackke01.shtml,(2014-2018)
Cal Quantrill,/players/q/quantca01.shtml,(2019-2021)
Juniel Querecuto,/players/q/quereju01.shtml,(2016-2016)
Johan Quezada,/players/q/quezajo01.shtml,(2020-2020)
Jose Quijada,/players/q/quijajo01.shtml,(2019-2020)
Roman Quinn,/players/q/quinnro01.shtml,(2016-2021)
Jose Quintana,/players/q/quintjo01.shtml,(2012-2021)
Andy Ibáñez,/players/i/ibanean01.shtml,(2021-2021)
José Iglesias,/players/i/iglesjo01.shtml,(2011-2021)
Raisel Iglesias,/players/i/iglesra01.shtml,(2015-2021)
Ender Inciarte,/players/i/inciaen01.shtml,(2014-2021)
Jonathan India,/players/i/indiajo01.shtml,(2021-2021)
Cole Irvin,/players/i/irvinco01.shtml,(2019-2021)
Kyle Isbel,/players/i/isbelky01.shtml,(2021-2021)
Daniel Zamora,/players/z/zamorda01.shtml,(2018-2019)
Seby Zavala,/players/z/zavalse01.shtml,(2019-2019)
T.J. Zeuch,/players/z/zeuchtj01.shtml,(2019-2021)
Bradley Zimmer,/players/z/zimmebr01.shtml,(2017-2020)
Kyle Zimmer,/players/z/zimmeky01.shtml,(2019-2021)
Ryan Zimmerman,/players/z/zimmery01.shtml,(2005-2021)
Bruce Zimmermann,/players/z/zimmebr02.shtml,(2020-2021)
Jordan Zimmermann,/players/z/zimmejo02.shtml,(2009-2021)
Tyler Zuber,/players/z/zuberty01.shtml,(2020-2021)
Mike Zunino,/players/z/zuninmi01.shtml,(2013-2021)
Asdrubal Cabrera,/players/c/cabreas01.shtml,(2007-2021)
Genesis Cabrera,/players/c/cabrege01.shtml,(2019-2021)
Miguel Cabrera,/players/c/cabremi01.shtml,(2003-2021)
Trevor Cahill,/players/c/cahiltr01.shtml,(2009-2021)
Lorenzo Cain,/players/c/cainlo01.shtml,(2010-2021)
Kole Calhoun,/players/c/calhoko01.shtml,(2012-2021)
Willie Calhoun,/players/c/calhowi01.shtml,(2017-2021)
Johan Camargo,/players/c/camarjo01.shtml,(2017-2021)
Daz Cameron,/players/c/camerda01.shtml,(2020-2020)
Eric Campbell,/players/c/campber01.shtml,(2014-2016)
Paul Campbell,/players/c/campbpa02.shtml,(2021-2021)
Luis Campusano,/players/c/campulu01.shtml,(2020-2021)
Jeimer Candelario,/players/c/candeje01.shtml,(2016-2021)
Mark Canha,/players/c/canhama01.shtml,(2015-2021)
Griffin Canning,/players/c/cannigr01.shtml,(2019-2021)
Robinson Cano,/players/c/canoro01.shtml,(2005-2020)
Matt Carasiti,/players/c/carasma01.shtml,(2016-2019)
Victor Caratini,/players/c/caratvi01.shtml,(2017-2021)
Shane Carle,/players/c/carlesh01.shtml,(2017-2019)
Dylan Carlson,/players/c/carlsdy01.shtml,(2020-2021)
Matt Carpenter,/players/c/carpema01.shtml,(2011-2021)
Carlos Carrasco,/players/c/carraca01.shtml,(2009-2020)
Cody Carroll,/players/c/carroco01.shtml,(2018-2020)
Curt Casali,/players/c/casalcu01.shtml,(2014-2021)
Daniel Castano,/players/c/castada01.shtml,(2020-2021)
Ryan Castellani,/players/c/castery01.shtml,(2020-2021)
Humberto Castellanos,/players/c/castehu01.shtml,(2020-2020)
Nick Castellanos,/players/c/casteni01.shtml,(2013-2021)
Diego Castillo,/players/c/castidi01.shtml,(2018-2021)
Ivan Castillo,/players/c/castiiv01.shtml,(2021-2021)
Jose Castillo,/players/c/castijo03.shtml,(2018-2019)
Luis Castillo,/players/c/castilu02.shtml,(2017-2021)
Welington Castillo,/players/c/castiwe01.shtml,(2010-2019)
Anthony Castro,/players/c/castran02.shtml,(2020-2021)
Harold Castro,/players/c/castrha01.shtml,(2018-2021)
Jason Castro,/players/c/castrja01.shtml,(2010-2021)
Miguel Castro,/players/c/castrmi01.shtml,(2015-2021)
Rodolfo Castro,/players/c/castrro01.shtml,(2021-2021)
Starlin Castro,/players/c/castrst01.shtml,(2010-2021)
Willi Castro,/players/c/castrwi01.shtml,(2019-2021)
Jake Cave,/players/c/caveja01.shtml,(2018-2021)
Dylan Cease,/players/c/ceasedy01.shtml,(2019-2021)
Gavin Cecchini,/players/c/cecchga02.shtml,(2016-2017)
Blake Cederlind,/players/c/cederbl01.shtml,(2020-2020)
Juan Centeno,/players/c/centeju01.shtml,(2013-2019)
Luis Cessa,/players/c/cessalu01.shtml,(2016-2021)
Jhoulys Chacin,/players/c/chacijh01.shtml,(2009-2021)
Andrew Chafin,/players/c/chafian01.shtml,(2014-2021)
Yu Chang,/players/c/changyu01.shtml,(2019-2021)
Aroldis Chapman,/players/c/chapmar01.shtml,(2010-2021)
Matt Chapman,/players/c/chapmma01.shtml,(2017-2021)
JT Chargois,/players/c/chargjt01.shtml,(2016-2021)
Tyler Chatwood,/players/c/chatwty01.shtml,(2011-2021)
Jesse Chavez,/players/c/chaveje01.shtml,(2008-2020)
Michael Chavis,/players/c/chavimi01.shtml,(2019-2021)
Robinson Chirinos,/players/c/chiriro01.shtml,(2011-2020)
Yonny Chirinos,/players/c/chiriyo01.shtml,(2018-2020)
Jazz Chisholm,/players/c/chishja01.shtml,(2020-2021)
Ji-Man Choi,/players/c/choiji01.shtml,(2016-2021)
Adam Cimber,/players/c/cimbead01.shtml,(2018-2021)
Steve Cishek,/players/c/cishest01.shtml,(2010-2021)
Jose Cisnero,/players/c/cisnejo01.shtml,(2013-2021)
Nick Ciuffo,/players/c/ciuffni01.shtml,(2018-2019)
Aaron Civale,/players/c/civalaa01.shtml,(2019-2021)
Taylor Clarke,/players/c/clarkta01.shtml,(2019-2021)
Emmanuel Clase,/players/c/claseem01.shtml,(2019-2021)
Alex Claudio,/players/c/claudal01.shtml,(2014-2021)
Sam Clay,/players/c/claysa01.shtml,(2021-2021)
Garrett Cleavinger,/players/c/cleavga01.shtml,(2020-2021)
Mike Clevinger,/players/c/clevimi01.shtml,(2016-2020)
Tyler Clippard,/players/c/clippty01.shtml,(2007-2020)
Alex Cobb,/players/c/cobbal01.shtml,(2011-2021)
Kyle Cody,/players/c/codyky01.shtml,(2020-2021)
A.J. Cole,/players/c/coleaj01.shtml,(2015-2021)
Gerrit Cole,/players/c/colege01.shtml,(2013-2021)
Edwar Colina,/players/c/colined01.shtml,(2020-2020)
Zack Collins,/players/c/colliza01.shtml,(2019-2021)
Alex Colome,/players/c/colomal01.shtml,(2013-2021)
Christian Colon,/players/c/colonch01.shtml,(2014-2020)
Michael Conforto,/players/c/confomi01.shtml,(2015-2021)
Adam Conley,/players/c/conlead01.shtml,(2015-2019)
William Contreras,/players/c/contrwi02.shtml,(2020-2021)
Willson Contreras,/players/c/contrwi01.shtml,(2016-2021)
Sam Coonrod,/players/c/coonrsa01.shtml,(2019-2021)
Garrett Cooper,/players/c/coopega03.shtml,(2017-2021)
Patrick Corbin,/players/c/corbipa01.shtml,(2012-2021)
Ryan Cordell,/players/c/cordery01.shtml,(2018-2020)
Franchy Cordero,/players/c/cordefr02.shtml,(2017-2021)
Jimmy Cordero,/players/c/cordeji01.shtml,(2018-2020)
Carlos Correa,/players/c/correca01.shtml,(2015-2021)
Nestor Cortes Jr.,/players/c/cortene01.shtml,(2018-2020)
Jharel Cotton,/players/c/cottojh01.shtml,(2016-2017)
Danny Coulombe,/players/c/couloda01.shtml,(2014-2020)
Kaleb Cowart,/players/c/cowarka01.shtml,(2015-2019)
Dylan Cozens,/players/c/cozendy01.shtml,(2018-2019)
Will Craig,/players/c/craigwi01.shtml,(2020-2021)
Brandon Crawford,/players/c/crawfbr01.shtml,(2011-2021)
J.P. Crawford,/players/c/crawfjp01.shtml,(2017-2021)
Stefan Crichton,/players/c/crichst01.shtml,(2017-2021)
Kyle Crick,/players/c/crickky01.shtml,(2017-2021)
Nabil Crismatt,/players/c/crismna01.shtml,(2020-2021)
Garrett Crochet,/players/c/crochga01.shtml,(2020-2021)
C.J. Cron,/players/c/croncj01.shtml,(2014-2021)
Jake Cronenworth,/players/c/croneja01.shtml,(2020-2021)
Wil Crowe,/players/c/crowewi01.shtml,(2020-2021)
Jesus Cruz,/players/c/cruzje01.shtml,(2020-2020)
Nelson Cruz,/players/c/cruzne02.shtml,(2005-2021)
Johnny Cueto,/players/c/cuetojo01.shtml,(2008-2021)
Charlie Culberson,/players/c/culbech01.shtml,(2012-2021)
John Curtiss,/players/c/curtijo02.shtml,(2017-2021)
Cheslor Cuthbert,/players/c/cuthbch01.shtml,(2015-2020)
Alex Jackson,/players/j/jacksal02.shtml,(2019-2021)
Drew Jackson,/players/j/jacksdr01.shtml,(2019-2019)
Jay Jackson,/players/j/jacksja01.shtml,(2015-2019)
Luke Jackson,/players/j/jackslu01.shtml,(2015-2021)
Josh James,/players/j/jamesjo02.shtml,(2018-2020)
Travis Jankowski,/players/j/jankotr01.shtml,(2015-2020)
Danny Jansen,/players/j/janseda01.shtml,(2018-2021)
Kenley Jansen,/players/j/janseke01.shtml,(2010-2021)
Cristian Javier,/players/j/javiecr01.shtml,(2020-2021)
Jon Jay,/players/j/jayjo02.shtml,(2010-2021)
Daulton Jefferies,/players/j/jeffeda01.shtml,(2020-2020)
Ryan Jeffers,/players/j/jeffery01.shtml,(2020-2021)
Jeremy Jeffress,/players/j/jeffrje01.shtml,(2010-2020)
Jake Jewell,/players/j/jewelja01.shtml,(2018-2019)
Dany Jimenez,/players/j/jimenda01.shtml,(2020-2020)
Eloy Jimenez,/players/j/jimenel02.shtml,(2019-2020)
Joe Jimenez,/players/j/jimenjo02.shtml,(2017-2021)
Connor Joe,/players/j/joeco01.shtml,(2019-2021)
Daniel Johnson,/players/j/johnsda07.shtml,(2020-2021)
DJ Johnson,/players/j/johnsdj01.shtml,(2018-2019)
Pierce Johnson,/players/j/johnspi01.shtml,(2017-2021)
Sherman Johnson,/players/j/johnssh01.shtml,(2018-2018)
JaCoby Jones,/players/j/jonesja07.shtml,(2016-2021)
Jahmai Jones,/players/j/jonesja08.shtml,(2020-2020)
Nate Jones,/players/j/jonesna01.shtml,(2012-2021)
Ryder Jones,/players/j/jonesry01.shtml,(2017-2018)
Taylor Jones,/players/j/jonesta01.shtml,(2020-2021)
Matt Joyce,/players/j/joycema01.shtml,(2008-2021)
Aaron Judge,/players/j/judgeaa01.shtml,(2016-2021)
Jakob Junis,/players/j/junisja01.shtml,(2017-2021)
Travis d'Arnaud,/players/d/darnatr01.shtml,(2013-2021)
David Dahl,/players/d/dahlda01.shtml,(2016-2021)
Bobby Dalbec,/players/d/dalbebo01.shtml,(2020-2021)
Yu Darvish,/players/d/darviyu01.shtml,(2012-2021)
Matt Davidson,/players/d/davidma02.shtml,(2013-2020)
Tucker Davidson,/players/d/davidtu01.shtml,(2020-2020)
Zach Davies,/players/d/davieza02.shtml,(2015-2021)
Austin Davis,/players/d/davisau01.shtml,(2018-2020)
Chris Davis,/players/d/davisch02.shtml,(2008-2020)
J.D. Davis,/players/d/davisjd01.shtml,(2017-2021)
Jaylin Davis,/players/d/davisja03.shtml,(2019-2020)
Jonathan Davis,/players/d/davisjo05.shtml,(2018-2021)
Khris Davis,/players/d/daviskh01.shtml,(2013-2021)
Taylor Davis,/players/d/davista01.shtml,(2017-2019)
Wade Davis,/players/d/daviswa01.shtml,(2009-2021)
Ronnie Dawson,/players/d/dawsoro01.shtml,(2021-2021)
Grant Dayton,/players/d/daytogr01.shtml,(2016-2021)
Yonathan Daza,/players/d/dazayo01.shtml,(2019-2021)
Brett de Geus,/players/d/degeubr01.shtml,(2021-2021)
Alex De Goti,/players/d/degotal01.shtml,(2021-2021)
Chase De Jong,/players/d/dejonch01.shtml,(2017-2020)
Jose De Leon,/players/d/deleojo03.shtml,(2016-2021)
Enyel De Los Santos,/players/d/delosen01.shtml,(2018-2021)
Austin Dean,/players/d/deanau01.shtml,(2018-2021)
Jacob deGrom,/players/d/degroja01.shtml,(2014-2021)
Paul DeJong,/players/d/dejonpa01.shtml,(2017-2021)
Miguel Del Pozo,/players/d/delpomi01.shtml,(2019-2020)
Nicky Delmonico,/players/d/delmoni01.shtml,(2017-2020)
Travis Demeritte,/players/d/demertr01.shtml,(2019-2020)
Daniel Descalso,/players/d/descada01.shtml,(2010-2019)
Anthony DeSclafani,/players/d/desclan01.shtml,(2014-2021)
Delino DeShields,/players/d/deshide02.shtml,(2015-2020)
Ian Desmond,/players/d/desmoia01.shtml,(2009-2019)
Ross Detwiler,/players/d/detwiro01.shtml,(2007-2021)
Chris Devenski,/players/d/devench02.shtml,(2016-2021)
Jose Devers,/players/d/deverjo01.shtml,(2021-2021)
Rafael Devers,/players/d/deverra01.shtml,(2017-2021)
Aledmys Díaz,/players/d/diazal02.shtml,(2016-2021)
Edwin Diaz,/players/d/diazed04.shtml,(2016-2021)
Elias Diaz,/players/d/diazel01.shtml,(2015-2021)
Isan Diaz,/players/d/diazis01.shtml,(2019-2021)
Jairo Diaz,/players/d/diazja01.shtml,(2014-2020)
Lewin Diaz,/players/d/diazle01.shtml,(2020-2020)
Miguel Diaz,/players/d/diazmi02.shtml,(2017-2021)
Yandy Díaz,/players/d/diazya01.shtml,(2017-2021)
Yennsy Diaz,/players/d/diazye01.shtml,(2019-2019)
Alex Dickerson,/players/d/dickeal01.shtml,(2015-2021)
Corey Dickerson,/players/d/dickeco01.shtml,(2013-2021)
Phillip Diehl,/players/d/diehlph01.shtml,(2019-2020)
Jake Diekman,/players/d/diekmja01.shtml,(2012-2021)
Derek Dietrich,/players/d/dietrde01.shtml,(2013-2020)
Wilmer Difo,/players/d/difowi01.shtml,(2015-2021)
Nick Dini,/players/d/dinini01.shtml,(2019-2019)
Randy Dobnak,/players/d/dobnara01.shtml,(2019-2021)
Rafael Dolis,/players/d/dolisra01.shtml,(2011-2021)
Seranthony Dominguez,/players/d/dominse01.shtml,(2018-2019)
Josh Donaldson,/players/d/donaljo02.shtml,(2010-2021)
Sean Doolittle,/players/d/doolise01.shtml,(2012-2021)
Camilo Doval,/players/d/dovalca01.shtml,(2021-2021)
Kyle Dowdy,/players/d/dowdyky01.shtml,(2019-2019)
Tommy Doyle,/players/d/doyleto01.shtml,(2020-2020)
Hunter Dozier,/players/d/doziehu01.shtml,(2016-2021)
Oliver Drake,/players/d/drakeol01.shtml,(2015-2020)
Brandon Drury,/players/d/drurybr01.shtml,(2015-2020)
Mauricio Dubon,/players/d/dubonma01.shtml,(2019-2021)
Tyler Duffey,/players/d/duffety01.shtml,(2015-2021)
Danny Duffy,/players/d/duffyda01.shtml,(2011-2021)
Matt Duffy,/players/d/duffyma01.shtml,(2014-2021)
Steven Duggar,/players/d/duggast01.shtml,(2018-2021)
Robert Dugger,/players/d/duggero01.shtml,(2019-2021)
Ryan Dull,/players/d/dullry01.shtml,(2015-2019)
Justin Dunn,/players/d/dunnju01.shtml,(2019-2021)
Dane Dunning,/players/d/dunnida01.shtml,(2020-2021)
Jon Duplantier,/players/d/duplajo01.shtml,(2019-2019)
Montana DuRapau,/players/d/durapmo01.shtml,(2019-2019)
Adam Duvall,/players/d/duvalad01.shtml,(2014-2021)
Jarrod Dyson,/players/d/dysonja01.shtml,(2010-2021)
Edwin Uceta,/players/u/ucetaed01.shtml,(2021-2021)
Duane Underwood Jr.,/players/u/underdu01.shtml,(2018-2021)
Justin Upton,/players/u/uptonju01.shtml,(2007-2021)
Jose Urena,/players/u/urenajo01.shtml,(2015-2021)
Richard Urena,/players/u/urenari01.shtml,(2017-2019)
Julio Urias,/players/u/uriasju01.shtml,(2016-2021)
Luis Urias,/players/u/uriaslu01.shtml,(2018-2021)
Ramon Urias,/players/u/uriasra01.shtml,(2020-2021)
Jose Urquidy,/players/u/urquijo01.shtml,(2019-2021)
Gio Urshela,/players/u/urshegi01.shtml,(2015-2021)
Tommy Kahnle,/players/k/kahnlto01.shtml,(2014-2020)
Rob Kaminsky,/players/k/kaminro01.shtml,(2020-2020)
James Kaprielian,/players/k/kaprija01.shtml,(2020-2021)
James Karinchak,/players/k/karinja01.shtml,(2019-2021)
Anthony Kay,/players/k/kayan01.shtml,(2019-2021)
Sean Kazmar Jr.,/players/k/kazmase01.shtml,(2008-2021)
Scott Kazmir,/players/k/kazmisc01.shtml,(2004-2016)
Keone Kela,/players/k/kelake01.shtml,(2015-2021)
Jarred Kelenic,/players/k/kelenja01.shtml,(2021-2021)
Brad Keller,/players/k/kellebr01.shtml,(2018-2021)
Kyle Keller,/players/k/kelleky01.shtml,(2019-2021)
Mitch Keller,/players/k/kellemi03.shtml,(2019-2021)
Trevor Kelley,/players/k/kelletr01.shtml,(2019-2020)
Carson Kelly,/players/k/kellyca02.shtml,(2016-2021)
Joe Kelly,/players/k/kellyjo05.shtml,(2012-2021)
Merrill Kelly,/players/k/kellyme01.shtml,(2019-2021)
Tony Kemp,/players/k/kempto01.shtml,(2016-2021)
Brett Kennedy,/players/k/kennebr02.shtml,(2018-2018)
Ian Kennedy,/players/k/kenneia01.shtml,(2007-2021)
Max Kepler,/players/k/keplema01.shtml,(2015-2021)
Clayton Kershaw,/players/k/kershcl01.shtml,(2008-2021)
Dallas Keuchel,/players/k/keuchda01.shtml,(2012-2021)
Mike Kickham,/players/k/kickhmi01.shtml,(2013-2021)
Carter Kieboom,/players/k/kieboca01.shtml,(2019-2021)
Kevin Kiermaier,/players/k/kiermke01.shtml,(2013-2021)
Yusei Kikuchi,/players/k/kikucyu01.shtml,(2019-2021)
Franklyn Kilome,/players/k/kilomfr01.shtml,(2020-2020)
Ha-Seong Kim,/players/k/kimha01.shtml,(2021-2021)
Kwang Hyun Kim,/players/k/kimkw01.shtml,(2020-2021)
Craig Kimbrel,/players/k/kimbrcr01.shtml,(2010-2021)
Isiah Kiner-Falefa,/players/k/kineris01.shtml,(2018-2021)
John King,/players/k/kingjo01.shtml,(2020-2021)
Michael King,/players/k/kingmi01.shtml,(2019-2021)
Scott Kingery,/players/k/kingesc01.shtml,(2018-2021)
Tyler Kinley,/players/k/kinlety01.shtml,(2018-2021)
Brandon Kintzler,/players/k/kintzbr01.shtml,(2010-2021)
Jason Kipnis,/players/k/kipnija01.shtml,(2011-2020)
Alex Kirilloff,/players/k/kirilal01.shtml,(2020-2021)
Alejandro Kirk,/players/k/kirkal01.shtml,(2020-2021)
Andrew Kittredge,/players/k/kittran01.shtml,(2017-2021)
Patrick Kivlehan,/players/k/kivlepa01.shtml,(2016-2021)
Corey Kluber,/players/k/klubeco01.shtml,(2011-2021)
Andrew Knapp,/players/k/knappan01.shtml,(2017-2021)
Corey Knebel,/players/k/knebeco01.shtml,(2014-2021)
Andrew Knizner,/players/k/kniznan01.shtml,(2019-2021)
Matt Koch,/players/k/kochma01.shtml,(2016-2019)
Adam Kolarek,/players/k/kolarad01.shtml,(2017-2021)
Michael Kopech,/players/k/kopecmi01.shtml,(2018-2021)
Pete Kozma,/players/k/kozmape01.shtml,(2011-2018)
Kevin Kramer,/players/k/krameke01.shtml,(2018-2019)
Joey Krehbiel,/players/k/krehbjo01.shtml,(2018-2018)
Dean Kremer,/players/k/kremede01.shtml,(2020-2021)
Brooks Kriske,/players/k/kriskbr01.shtml,(2020-2021)
Ian Krol,/players/k/krolia01.shtml,(2013-2018)
Jack Kruger,/players/k/krugeja01.shtml,(2021-2021)
Chad Kuhl,/players/k/kuhlch01.shtml,(2016-2021)
Joel Kuhnel,/players/k/kuhnejo01.shtml,(2019-2020)
Jimmy Yacabonis,/players/y/yacabji01.shtml,(2017-2020)
Miguel Yajure,/players/y/yajurmi01.shtml,(2020-2021)
Shun Yamaguchi,/players/y/yamagsh01.shtml,(2020-2020)
Jordan Yamamoto,/players/y/yamamjo01.shtml,(2019-2021)
Hyeon-jong Yang,/players/y/yanghy01.shtml,(2021-2021)
Ryan Yarbrough,/players/y/yarbrry01.shtml,(2018-2021)
Eric Yardley,/players/y/yardler01.shtml,(2019-2021)
Mike Yastrzemski,/players/y/yastrmi01.shtml,(2019-2021)
Kirby Yates,/players/y/yateski01.shtml,(2014-2020)
Christian Yelich,/players/y/yelicch01.shtml,(2013-2021)
Huascar Ynoa,/players/y/ynoahu01.shtml,(2019-2021)
Alex Young,/players/y/youngal01.shtml,(2019-2021)
Andrew Young,/players/y/youngan02.shtml,(2020-2021)
Jameson Taillon,/players/t/taillja01.shtml,(2016-2021)
Domingo Tapia,/players/t/tapiado01.shtml,(2020-2021)
Raimel Tapia,/players/t/tapiara01.shtml,(2016-2021)
Stephen Tarpley,/players/t/tarplst01.shtml,(2018-2021)
Dillon Tate,/players/t/tatedi01.shtml,(2019-2021)
Fernando Tatis Jr.,/players/t/tatisfe02.shtml,(2019-2021)
Mike Tauchman,/players/t/tauchmi01.shtml,(2017-2021)
Leody Taveras,/players/t/taverle01.shtml,(2020-2021)
Beau Taylor,/players/t/taylobe11.shtml,(2018-2020)
Blake Taylor,/players/t/taylobl01.shtml,(2020-2021)
Chris Taylor,/players/t/tayloch03.shtml,(2014-2021)
Josh Taylor,/players/t/taylojo02.shtml,(2019-2021)
Michael A. Taylor,/players/t/taylomi02.shtml,(2014-2021)
Tyrone Taylor,/players/t/tayloty01.shtml,(2019-2021)
Julio Teheran,/players/t/teherju01.shtml,(2011-2021)
Anderson Tejeda,/players/t/tejedan01.shtml,(2020-2021)
Tomas Telis,/players/t/telisto01.shtml,(2014-2018)
Rowdy Tellez,/players/t/tellero01.shtml,(2018-2021)
Ryan Tepera,/players/t/teperry01.shtml,(2015-2021)
Matt Thaiss,/players/t/thaisma01.shtml,(2019-2020)
Caleb Thielbar,/players/t/thielca01.shtml,(2013-2021)
Lane Thomas,/players/t/thomala02.shtml,(2019-2021)
Keegan Thompson,/players/t/thompke02.shtml,(2021-2021)
Ryan Thompson,/players/t/thompry02.shtml,(2020-2021)
Trayce Thompson,/players/t/thomptr01.shtml,(2015-2018)
Trent Thornton,/players/t/thorntr01.shtml,(2019-2021)
Lewis Thorpe,/players/t/thorple01.shtml,(2019-2021)
Ty Tice,/players/t/ticety01.shtml,(2021-2021)
Jesus Tinoco,/players/t/tinocje01.shtml,(2019-2020)
Carlos Tocci,/players/t/toccica01.shtml,(2018-2018)
Andrew Toles,/players/t/tolesan01.shtml,(2016-2018)
Ka'ai Tom,/players/t/tomka01.shtml,(2021-2021)
Yasmany Tomás,/players/t/tomasya01.shtml,(2015-2019)
Josh Tomlin,/players/t/tomlijo01.shtml,(2010-2021)
Justin Topa,/players/t/topaju01.shtml,(2020-2020)
Abraham Toro,/players/t/toroab01.shtml,(2019-2021)
Luis Torrens,/players/t/torrelu01.shtml,(2017-2021)
Gleyber Torres,/players/t/torregl01.shtml,(2018-2021)
Ronald Torreyes,/players/t/torrero01.shtml,(2015-2021)
Touki Toussaint,/players/t/toussto01.shtml,(2018-2020)
Wilfredo Tovar,/players/t/tovarwi01.shtml,(2013-2019)
Taylor Trammell,/players/t/trammta01.shtml,(2021-2021)
Sam Travis,/players/t/travisa01.shtml,(2017-2019)
Blake Treinen,/players/t/treinbl01.shtml,(2014-2021)
Alan Trejo,/players/t/trejoal01.shtml,(2021-2021)
Jose Trevino,/players/t/trevijo01.shtml,(2018-2021)
Lou Trivino,/players/t/trivilo01.shtml,(2018-2021)
Chadwick Tromp,/players/t/trompch01.shtml,(2020-2020)
Nick Tropeano,/players/t/tropeni01.shtml,(2014-2020)
Mike Trout,/players/t/troutmi01.shtml,(2011-2021)
Yoshi Tsutsugo,/players/t/tsutsyo01.shtml,(2020-2021)
Cole Tucker,/players/t/tuckeco01.shtml,(2019-2020)
Kyle Tucker,/players/t/tuckeky01.shtml,(2018-2021)
Nik Turley,/players/t/turleni01.shtml,(2017-2020)
Spencer Turnbull,/players/t/turnbsp01.shtml,(2018-2021)
Justin Turner,/players/t/turneju01.shtml,(2009-2021)
Trea Turner,/players/t/turnetr01.shtml,(2015-2021)
Fernando Abad,/players/a/abadfe01.shtml,(2010-2019)
Albert Abreu,/players/a/abreual01.shtml,(2020-2021)
Bryan Abreu,/players/a/abreubr01.shtml,(2019-2021)
José Abreu,/players/a/abreujo02.shtml,(2014-2021)
Ronald Acuna Jr.,/players/a/acunaro01.shtml,(2018-2021)
Jason Adam,/players/a/adamja01.shtml,(2018-2021)
Willy Adames,/players/a/adamewi01.shtml,(2018-2021)
Austin Adams,/players/a/adamsau02.shtml,(2017-2021)
Chance Adams,/players/a/adamsch01.shtml,(2018-2020)
Matt Adams,/players/a/adamsma01.shtml,(2012-2021)
Jo Adell,/players/a/adelljo01.shtml,(2020-2020)
Tim Adleman,/players/a/adlemti01.shtml,(2016-2017)
Ehire Adrianza,/players/a/adriaeh01.shtml,(2013-2021)
Jesus Aguilar,/players/a/aguilje01.shtml,(2014-2021)
Nick Ahmed,/players/a/ahmedni01.shtml,(2014-2021)
Keegan Akin,/players/a/akinke01.shtml,(2020-2021)
Shogo Akiyama,/players/a/akiyash01.shtml,(2020-2021)
R.J. Alaniz,/players/a/alanirj01.shtml,(2019-2019)
Andrew Albers,/players/a/alberan01.shtml,(2013-2017)
Hanser Alberto,/players/a/alberha01.shtml,(2015-2021)
Ozzie Albies,/players/a/albieoz01.shtml,(2017-2021)
Jorge Alcala,/players/a/alcaljo01.shtml,(2019-2021)
Arismendy Alcantara,/players/a/alcanar01.shtml,(2014-2017)
Sandy Alcantara,/players/a/alcansa01.shtml,(2017-2021)
Sergio Alcantara,/players/a/alcanse01.shtml,(2020-2020)
Scott Alexander,/players/a/alexasc02.shtml,(2015-2021)
Tyler Alexander,/players/a/alexaty01.shtml,(2019-2021)
Jorge Alfaro,/players/a/alfarjo01.shtml,(2016-2021)
Anthony Alford,/players/a/alforan01.shtml,(2017-2021)
Kolby Allard,/players/a/allarko01.shtml,(2018-2021)
Austin Allen,/players/a/allenau01.shtml,(2019-2021)
Greg Allen,/players/a/allengr01.shtml,(2017-2020)
Logan Allen,/players/a/allenlo01.shtml,(2019-2021)
Abraham Almonte,/players/a/almonab01.shtml,(2013-2020)
Yency Almonte,/players/a/almonye01.shtml,(2018-2021)
Albert Almora,/players/a/almoral01.shtml,(2016-2021)
Pete Alonso,/players/a/alonspe01.shtml,(2019-2021)
Dan Altavilla,/players/a/altavda01.shtml,(2016-2021)
Jose Altuve,/players/a/altuvjo01.shtml,(2011-2021)
Jose Alvarado,/players/a/alvarjo03.shtml,(2017-2021)
Eddy Alvarez,/players/a/alvared01.shtml,(2020-2020)
Jose Alvarez,/players/a/alvarjo02.shtml,(2013-2021)
R.J. Alvarez,/players/a/alvarrj01.shtml,(2014-2015)
Yordan Álvarez,/players/a/alvaryo01.shtml,(2019-2021)
Adbert Alzolay,/players/a/alzolad01.shtml,(2019-2021)
Brett Anderson,/players/a/anderbr04.shtml,(2009-2021)
Brian Anderson,/players/a/anderbr06.shtml,(2017-2021)
Chase Anderson,/players/a/anderch01.shtml,(2014-2021)
Drew Anderson,/players/a/anderdr02.shtml,(2017-2020)
Ian Anderson,/players/a/anderia01.shtml,(2020-2021)
Justin Anderson,/players/a/anderju01.shtml,(2018-2019)
Nick Anderson,/players/a/anderni01.shtml,(2019-2020)
Shaun Anderson,/players/a/andersh01.shtml,(2019-2021)
Tanner Anderson,/players/a/anderta01.shtml,(2018-2019)
Tim Anderson,/players/a/anderti01.shtml,(2016-2021)
Tyler Anderson,/players/a/anderty01.shtml,(2016-2021)
John Andreoli,/players/a/andrejo03.shtml,(2018-2021)
Matt Andriese,/players/a/andrima01.shtml,(2015-2021)
Elvis Andrus,/players/a/andruel01.shtml,(2009-2021)
Miguel Andujar,/players/a/andujmi01.shtml,(2017-2021)
Tejay Antone,/players/a/antonte01.shtml,(2020-2021)
Sherten Apostel,/players/a/apostsh01.shtml,(2020-2020)
Aristides Aquino,/players/a/aquinar01.shtml,(2018-2021)
Victor Arano,/players/a/aranovi01.shtml,(2017-2019)
Jonathan Arauz,/players/a/arauzjo01.shtml,(2020-2021)
Chris Archer,/players/a/archech01.shtml,(2012-2021)
Francisco Arcia,/players/a/arciafr01.shtml,(2018-2018)
Orlando Arcia,/players/a/arciaor01.shtml,(2016-2021)
Nolan Arenado,/players/a/arenano01.shtml,(2013-2021)
Kohei Arihara,/players/a/arihako01.shtml,(2021-2021)
Rogelio Armenteros,/players/a/armenro01.shtml,(2019-2019)
Shawn Armstrong,/players/a/armstsh01.shtml,(2015-2021)
Randy Arozarena,/players/a/arozara01.shtml,(2019-2021)
Luis Arraez,/players/a/arraelu01.shtml,(2019-2021)
Jake Arrieta,/players/a/arrieja01.shtml,(2010-2021)
Christian Arroyo,/players/a/arroych01.shtml,(2017-2021)
Humberto Arteaga,/players/a/arteahu01.shtml,(2019-2019)
Willians Astudillo,/players/a/astudwi01.shtml,(2018-2021)
Carlos Asuaje,/players/a/asuajca01.shtml,(2016-2018)
Abiatal Avelino,/players/a/aveliab01.shtml,(2018-2019)
Alex Avila,/players/a/avilaal01.shtml,(2009-2021)
Pedro Avila,/players/a/avilape01.shtml,(2019-2019)
Luis Avilan,/players/a/avilalu01.shtml,(2012-2021)
Tommy La Stella,/players/l/lasteto01.shtml,(2014-2021)
Juan Lagares,/players/l/lagarju01.shtml,(2013-2021)
Brady Lail,/players/l/lailbr01.shtml,(2019-2020)
Travis Lakins,/players/l/lakintr01.shtml,(2019-2021)
Ryan LaMarre,/players/l/lamarry01.shtml,(2015-2021)
Jake Lamb,/players/l/lambja01.shtml,(2014-2021)
Jimmy Lambert,/players/l/lambeji01.shtml,(2020-2020)
Peter Lambert,/players/l/lambepe01.shtml,(2019-2019)
Dinelson Lamet,/players/l/lametdi01.shtml,(2017-2021)
Alex Lange,/players/l/langeal01.shtml,(2021-2021)
Trevor Larnach,/players/l/larnatr01.shtml,(2021-2021)
Eric Lauer,/players/l/lauerer01.shtml,(2018-2021)
Ramon Laureano,/players/l/laurera01.shtml,(2018-2021)
Ryan Lavarnway,/players/l/lavarry01.shtml,(2011-2020)
Derek Law,/players/l/lawde01.shtml,(2016-2021)
Justin Lawrence,/players/l/lawreju01.shtml,(2021-2021)
Wade LeBlanc,/players/l/leblawa01.shtml,(2008-2021)
Jose Leclerc,/players/l/leclejo01.shtml,(2016-2020)
Zach Lee,/players/l/leeza01.shtml,(2015-2017)
Brandon Leibrandt,/players/l/leibrbr01.shtml,(2020-2020)
Mark Leiter Jr.,/players/l/leitema02.shtml,(2017-2018)
DJ LeMahieu,/players/l/lemahdj01.shtml,(2011-2021)
Sandy Leon,/players/l/leonsa01.shtml,(2012-2021)
Dominic Leone,/players/l/leonedo01.shtml,(2014-2020)
Jon Lester,/players/l/lestejo01.shtml,(2006-2021)
Kyle Lewis,/players/l/lewisky01.shtml,(2019-2021)
Domingo Leyba,/players/l/leybado01.shtml,(2019-2021)
Robinson Leyer,/players/l/leyerro01.shtml,(2020-2020)
Tzu-Wei Lin,/players/l/lintz02.shtml,(2017-2021)
Josh Lindblom,/players/l/lindbjo01.shtml,(2011-2021)
Jacob Lindgren,/players/l/lindgja01.shtml,(2015-2015)
Francisco Lindor,/players/l/lindofr01.shtml,(2015-2021)
Zack Littell,/players/l/litteza01.shtml,(2018-2021)
Mauricio Llovera,/players/l/llovema01.shtml,(2020-2020)
Jonathan Loaisiga,/players/l/loaisjo01.shtml,(2018-2021)
Jose Lobaton,/players/l/lobatjo01.shtml,(2009-2018)
Kyle Lobstein,/players/l/lobstky01.shtml,(2014-2016)
Tim Locastro,/players/l/locasti01.shtml,(2017-2021)
Shed Long,/players/l/longsh01.shtml,(2019-2020)
Evan Longoria,/players/l/longoev01.shtml,(2008-2021)
Tim Lopes,/players/l/lopesti01.shtml,(2019-2020)
Jorge Lopez,/players/l/lopezjo02.shtml,(2015-2021)
Nicky Lopez,/players/l/lopezni01.shtml,(2019-2021)
Pablo Lopez,/players/l/lopezpa01.shtml,(2018-2021)
Reynaldo Lopez,/players/l/lopezre01.shtml,(2016-2020)
Yoan López,/players/l/lopezyo01.shtml,(2018-2021)
Michael Lorenzen,/players/l/lorenmi01.shtml,(2015-2020)
Aaron Loup,/players/l/loupaa01.shtml,(2012-2021)
Richard Lovelady,/players/l/lovelri01.shtml,(2019-2020)
Brandon Lowe,/players/l/lowebr01.shtml,(2018-2021)
Nate Lowe,/players/l/lowena01.shtml,(2019-2021)
Jed Lowrie,/players/l/lowrije01.shtml,(2008-2021)
Zac Lowther,/players/l/lowthza01.shtml,(2021-2021)
Joey Lucchesi,/players/l/lucchjo01.shtml,(2018-2021)
Elvis Luciano,/players/l/luciael01.shtml,(2019-2019)
Jonathan Lucroy,/players/l/lucrojo01.shtml,(2010-2021)
Lucas Luetge,/players/l/luetglu01.shtml,(2012-2021)
Seth Lugo,/players/l/lugose01.shtml,(2016-2020)
Jordan Luplow,/players/l/luplojo01.shtml,(2017-2021)
Gavin Lux,/players/l/luxga01.shtml,(2019-2021)
Jesus Luzardo,/players/l/luzarje01.shtml,(2019-2021)
Jordan Lyles,/players/l/lylesjo01.shtml,(2011-2021)
Daniel Lynch,/players/l/lynchda02.shtml,(2021-2021)
Lance Lynn,/players/l/lynnla01.shtml,(2011-2021)
Cristian Pache,/players/p/pachecr01.shtml,(2020-2021)
Chris Paddack,/players/p/paddach01.shtml,(2019-2021)
Kevin Padlo,/players/p/padloke01.shtml,(2021-2021)
Emilio Pagan,/players/p/paganem01.shtml,(2017-2021)
Josh Palacios,/players/p/palacjo01.shtml,(2021-2021)
Daniel Palka,/players/p/palkada01.shtml,(2018-2019)
Joe Palumbo,/players/p/palumjo01.shtml,(2019-2020)
Joe Panik,/players/p/panikjo01.shtml,(2014-2021)
Thomas Pannone,/players/p/pannoth01.shtml,(2018-2019)
Enoli Paredes,/players/p/pareden01.shtml,(2020-2021)
Isaac Paredes,/players/p/paredis01.shtml,(2020-2020)
Blake Parker,/players/p/parkebl01.shtml,(2012-2020)
Gerardo Parra,/players/p/parrage01.shtml,(2009-2019)
Luis Patino,/players/p/patinlu01.shtml,(2020-2021)
Spencer Patton,/players/p/pattosp01.shtml,(2014-2016)
David Paulino,/players/p/paulida01.shtml,(2016-2018)
James Paxton,/players/p/paxtoja01.shtml,(2013-2021)
Joel Payamps,/players/p/payamjo01.shtml,(2019-2021)
Pedro Payano,/players/p/payanpe01.shtml,(2019-2019)
Mark Payton,/players/p/paytoma01.shtml,(2020-2021)
James Pazos,/players/p/pazosja01.shtml,(2015-2020)
Matt Peacock,/players/p/peacoma01.shtml,(2021-2021)
Nate Pearson,/players/p/pearsna01.shtml,(2020-2021)
Joc Pederson,/players/p/pederjo01.shtml,(2014-2021)
CD Pelham,/players/p/pelhacd01.shtml,(2018-2018)
Felix Pena,/players/p/penafe01.shtml,(2016-2021)
Francisco Pena,/players/p/penafr01.shtml,(2014-2018)
David Peralta,/players/p/peralda01.shtml,(2014-2021)
Freddy Peralta,/players/p/peralfr01.shtml,(2018-2021)
Wandy Peralta,/players/p/peralwa01.shtml,(2016-2021)
Wily Peralta,/players/p/peralwi01.shtml,(2012-2019)
Jose Peraza,/players/p/perazjo01.shtml,(2015-2021)
Angel Perdomo,/players/p/perdoan01.shtml,(2020-2021)
Geraldo Perdomo,/players/p/perdoge01.shtml,(2021-2021)
Luis Perdomo,/players/p/perdolu02.shtml,(2016-2020)
Carlos Perez,/players/p/perezca02.shtml,(2015-2018)
Cionel Pérez,/players/p/perezci01.shtml,(2018-2021)
Hector Perez,/players/p/perezhe02.shtml,(2020-2020)
Hernan Perez,/players/p/perezhe01.shtml,(2012-2021)
Martin Perez,/players/p/perezma02.shtml,(2012-2021)
Michael Perez,/players/p/perezmi03.shtml,(2018-2021)
Oliver Perez,/players/p/perezol01.shtml,(2002-2021)
Roberto Perez,/players/p/perezro02.shtml,(2014-2021)
Salvador Perez,/players/p/perezsa02.shtml,(2011-2021)
Dillon Peters,/players/p/peterdi01.shtml,(2017-2020)
DJ Peters,/players/p/peterdj01.shtml,(2021-2021)
David Peterson,/players/p/peterda01.shtml,(2020-2021)
Dustin Peterson,/players/p/peterdu01.shtml,(2018-2019)
Jace Peterson,/players/p/peterja01.shtml,(2014-2021)
Yusmeiro Petit,/players/p/petityu01.shtml,(2006-2021)
Tommy Pham,/players/p/phamth01.shtml,(2014-2021)
David Phelps,/players/p/phelpda01.shtml,(2012-2021)
Brett Phillips,/players/p/phillbr02.shtml,(2017-2021)
Evan Phillips,/players/p/phillev01.shtml,(2018-2020)
Kevin Pillar,/players/p/pillake01.shtml,(2013-2021)
Manny Pina,/players/p/pinama01.shtml,(2011-2021)
Chad Pinder,/players/p/pindech01.shtml,(2016-2021)
Michael Pineda,/players/p/pinedmi01.shtml,(2011-2021)
Ricardo Pinto,/players/p/pintori01.shtml,(2017-2019)
Stephen Piscotty,/players/p/piscost01.shtml,(2015-2021)
Nick Pivetta,/players/p/pivetni01.shtml,(2017-2021)
Kevin Plawecki,/players/p/plaweke01.shtml,(2015-2021)
Zach Plesac,/players/p/plesaza01.shtml,(2019-2021)
Adam Plutko,/players/p/plutkad01.shtml,(2016-2021)
Colin Poche,/players/p/pocheco01.shtml,(2019-2019)
Gregory Polanco,/players/p/polangr01.shtml,(2014-2021)
Jorge Polanco,/players/p/polanjo01.shtml,(2014-2021)
AJ Pollock,/players/p/polloaj01.shtml,(2012-2021)
Drew Pomeranz,/players/p/pomerdr01.shtml,(2011-2021)
Cody Ponce,/players/p/ponceco01.shtml,(2020-2020)
Daniel Ponce de Leon,/players/p/ponceda01.shtml,(2018-2021)
Zach Pop,/players/p/popza01.shtml,(2021-2021)
Sean Poppen,/players/p/poppese01.shtml,(2019-2021)
Buster Posey,/players/p/poseybu01.shtml,(2009-2021)
Cody Poteet,/players/p/poteeco01.shtml,(2021-2021)
Brooks Pounders,/players/p/poundbr01.shtml,(2016-2019)
Bobby Poyner,/players/p/poynebo01.shtml,(2018-2019)
Ryan Pressly,/players/p/pressry01.shtml,(2013-2021)
David Price,/players/p/priceda01.shtml,(2008-2021)
Jurickson Profar,/players/p/profaju01.shtml,(2012-2021)
Austin Pruitt,/players/p/pruitau01.shtml,(2017-2019)
Cesar Puello,/players/p/puellce01.shtml,(2017-2020)
Albert Pujols,/players/p/pujolal01.shtml,(2001-2021)
A.J. Puk,/players/p/pukaj01.shtml,(2019-2021)
Pat Valaika,/players/v/valaipa01.shtml,(2016-2021)
Cesar Valdez,/players/v/valdece01.shtml,(2010-2021)
Framber Valdez,/players/v/valdefr01.shtml,(2018-2020)
Phillips Valdez,/players/v/valdeph01.shtml,(2019-2021)
Breyvic Valera,/players/v/valerbr01.shtml,(2017-2019)
Josh VanMeter,/players/v/vanmejo01.shtml,(2019-2021)
Ildemaro Vargas,/players/v/vargail01.shtml,(2017-2021)
Daulton Varsho,/players/v/varshda01.shtml,(2020-2021)
Andrew Vasquez,/players/v/vasquan02.shtml,(2018-2019)
Andrew Vaughn,/players/v/vaughan01.shtml,(2021-2021)
Christian Vazquez,/players/v/vazquch01.shtml,(2014-2021)
Felipe Vazquez,/players/r/riverfe01.shtml,(2015-2019)
Vince Velasquez,/players/v/velasvi01.shtml,(2015-2021)
Andrew Velazquez,/players/v/velazan01.shtml,(2018-2020)
Hector Velazquez,/players/v/velazhe01.shtml,(2017-2019)
Alex Verdugo,/players/v/verdual01.shtml,(2017-2021)
Justin Verlander,/players/v/verlaju01.shtml,(2005-2020)
Alex Vesia,/players/v/vesiaal01.shtml,(2020-2021)
Will Vest,/players/v/vestwi01.shtml,(2021-2021)
Jonathan Villar,/players/v/villajo01.shtml,(2013-2021)
Meibrys Viloria,/players/v/vilorme01.shtml,(2018-2020)
Nick Vincent,/players/v/vinceni01.shtml,(2012-2020)
Arodys Vizcaino,/players/v/vizcaar01.shtml,(2011-2019)
Daniel Vogelbach,/players/v/vogelda01.shtml,(2016-2021)
Stephen Vogt,/players/v/vogtst01.shtml,(2012-2021)
Luke Voit,/players/v/voitlu01.shtml,(2017-2021)
Jason Vosler,/players/v/vosleja01.shtml,(2021-2021)
Austin Voth,/players/v/vothau01.shtml,(2018-2021)
Joey Votto,/players/v/vottojo01.shtml,(2007-2021)
Tanner Rainey,/players/r/raineta01.shtml,(2018-2021)
Brooks Raley,/players/r/raleybr01.shtml,(2012-2021)
Luke Raley,/players/r/raleylu01.shtml,(2021-2021)
Erasmo Ramirez,/players/r/ramirer02.shtml,(2012-2020)
Harold Ramirez,/players/r/ramirha02.shtml,(2019-2021)
Jose Ramirez,/players/r/ramirjo01.shtml,(2013-2021)
Nick Ramirez,/players/r/ramirni01.shtml,(2019-2021)
Noe Ramirez,/players/r/ramirno01.shtml,(2015-2021)
Roel Ramirez,/players/r/ramirro02.shtml,(2020-2020)
Yefry Ramirez,/players/r/ramirye01.shtml,(2018-2019)
Yohan Ramirez,/players/r/ramiryo01.shtml,(2020-2020)
AJ Ramos,/players/r/ramosaj01.shtml,(2012-2020)
Wilson Ramos,/players/r/ramoswi01.shtml,(2010-2021)
Drew Rasmussen,/players/r/rasmudr01.shtml,(2020-2021)
Rangel Ravelo,/players/r/ravelra01.shtml,(2019-2020)
Corey Ray,/players/r/rayco01.shtml,(2021-2021)
Robbie Ray,/players/r/rayro02.shtml,(2014-2021)
Colin Rea,/players/r/reaco01.shtml,(2015-2020)
Raudy Read,/players/r/readra01.shtml,(2017-2019)
J.T. Realmuto,/players/r/realmjt01.shtml,(2014-2021)
Josh Reddick,/players/r/reddijo01.shtml,(2009-2020)
Cody Reed,/players/r/reedco01.shtml,(2016-2021)
Rob Refsnyder,/players/r/refsnro01.shtml,(2015-2021)
Sean Reid-Foley,/players/r/reidfse01.shtml,(2018-2021)
Jack Reinheimer,/players/r/reinhja01.shtml,(2017-2018)
Zac Reininger,/players/r/reiniza01.shtml,(2017-2019)
Anthony Rendon,/players/r/rendoan01.shtml,(2013-2021)
Hunter Renfroe,/players/r/renfrhu01.shtml,(2016-2021)
Luis Rengifo,/players/r/rengilu01.shtml,(2019-2021)
Alex Reyes,/players/r/reyesal02.shtml,(2016-2021)
Franmil Reyes,/players/r/reyesfr01.shtml,(2018-2021)
Gerardo Reyes,/players/r/reyesge01.shtml,(2019-2019)
Jesus Reyes,/players/r/reyesje01.shtml,(2018-2018)
Pablo Reyes,/players/r/reyespa01.shtml,(2018-2021)
Victor Reyes,/players/r/reyesvi01.shtml,(2018-2021)
Bryan Reynolds,/players/r/reynobr01.shtml,(2019-2021)
Matt Reynolds,/players/r/reynoma03.shtml,(2016-2020)
Garrett Richards,/players/r/richaga01.shtml,(2011-2021)
Trevor Richards,/players/r/richatr01.shtml,(2018-2021)
JT Riddle,/players/r/riddljt01.shtml,(2017-2021)
Austin Riley,/players/r/rileyau01.shtml,(2019-2021)
Edwin Rios,/players/r/riosed01.shtml,(2019-2021)
Yacksel Rios,/players/r/riosya01.shtml,(2017-2020)
Rene Rivera,/players/r/riverre01.shtml,(2004-2021)
Yadiel Rivera,/players/r/riverya01.shtml,(2015-2020)
Sebastian Rivero,/players/r/riverse01.shtml,(2021-2021)
Anthony Rizzo,/players/r/rizzoan01.shtml,(2011-2021)
Tanner Roark,/players/r/roarkta01.shtml,(2013-2021)
Luis Robert,/players/r/roberlu01.shtml,(2020-2021)
Daniel Robertson,/players/r/roberda10.shtml,(2017-2021)
Drew Robinson,/players/r/robindr01.shtml,(2017-2019)
Hansel Robles,/players/r/robleha01.shtml,(2015-2021)
Victor Robles,/players/r/roblevi01.shtml,(2017-2021)
Brendan Rodgers,/players/r/rodgebr02.shtml,(2019-2020)
Carlos Rodon,/players/r/rodonca01.shtml,(2015-2021)
Chris Rodriguez,/players/r/rodrich01.shtml,(2021-2021)
Dereck Rodriguez,/players/r/rodride01.shtml,(2018-2020)
Eduardo Rodriguez,/players/r/rodried05.shtml,(2015-2021)
Jefry Rodriguez,/players/r/rodrije01.shtml,(2018-2019)
Joely Rodriguez,/players/r/rodrijo06.shtml,(2016-2021)
Jose Rodríguez,/players/r/rodrijo07.shtml,(2019-2020)
Nivaldo Rodriguez,/players/r/rodrini01.shtml,(2020-2021)
Richard Rodriguez,/players/r/rodriri05.shtml,(2017-2021)
Chaz Roe,/players/r/roech01.shtml,(2013-2021)
Jake Rogers,/players/r/rogerja03.shtml,(2019-2021)
Josh Rogers,/players/r/rogerjo01.shtml,(2018-2019)
Taylor Rogers,/players/r/rogerta01.shtml,(2016-2021)
Trevor Rogers,/players/r/rogertr01.shtml,(2020-2021)
Tyler Rogers,/players/r/rogerty01.shtml,(2019-2021)
Jose Rojas,/players/r/rojasjo02.shtml,(2021-2021)
Josh Rojas,/players/r/rojasjo01.shtml,(2019-2021)
Miguel Rojas,/players/r/rojasmi02.shtml,(2014-2021)
Jordan Romano,/players/r/romanjo03.shtml,(2019-2021)
Sal Romano,/players/r/romansa01.shtml,(2017-2021)
JoJo Romero,/players/r/romerjo01.shtml,(2020-2021)
Seth Romero,/players/r/romerse01.shtml,(2020-2020)
Andrew Romine,/players/r/rominan01.shtml,(2010-2020)
Austin Romine,/players/r/rominau01.shtml,(2011-2021)
Sergio Romo,/players/r/romose01.shtml,(2008-2021)
Hector Rondon,/players/r/rondohe01.shtml,(2013-2020)
Jose Rondon,/players/r/rondojo02.shtml,(2016-2019)
Brent Rooker,/players/r/rookebr01.shtml,(2020-2021)
Ben Rortvedt,/players/r/rortvbe01.shtml,(2021-2021)
Amed Rosario,/players/r/rosaram01.shtml,(2017-2021)
Eddie Rosario,/players/r/rosared01.shtml,(2015-2021)
Trevor Rosenthal,/players/r/rosentr01.shtml,(2012-2020)
Joe Ross,/players/r/rossjo01.shtml,(2015-2021)
Robbie Ross,/players/r/rossro01.shtml,(2012-2017)
Tyson Ross,/players/r/rossty01.shtml,(2010-2019)
Zac Rosscup,/players/r/rosscza01.shtml,(2013-2019)
Ramon Rosso,/players/r/rossora01.shtml,(2020-2021)
Ben Rowen,/players/r/rowenbe01.shtml,(2014-2021)
Darin Ruf,/players/r/rufda01.shtml,(2012-2021)
Jose Ruiz,/players/r/ruizjo01.shtml,(2017-2021)
Keibert Ruiz,/players/r/ruizke01.shtml,(2020-2021)
Rio Ruiz,/players/r/ruizri01.shtml,(2016-2021)
Chris Rusin,/players/r/rusinch01.shtml,(2012-2020)
Kyle Ryan,/players/r/ryanky01.shtml,(2014-2021)
Hyun Jin Ryu,/players/r/ryuhy01.shtml,(2013-2021)
Rocky Gale,/players/g/galero01.shtml,(2015-2019)
Cam Gallagher,/players/g/gallaca01.shtml,(2017-2021)
Giovanny Gallegos,/players/g/gallegi01.shtml,(2017-2021)
Zac Gallen,/players/g/galleza01.shtml,(2019-2021)
Joey Gallo,/players/g/gallojo01.shtml,(2015-2021)
Freddy Galvis,/players/g/galvifr01.shtml,(2012-2021)
Ben Gamel,/players/g/gamelbe01.shtml,(2016-2021)
John Gant,/players/g/gantjo01.shtml,(2016-2021)
Adolis García,/players/g/garciad02.shtml,(2018-2021)
Aramis Garcia,/players/g/garciar01.shtml,(2018-2021)
Avisail Garcia,/players/g/garciav01.shtml,(2012-2021)
Bryan Garcia,/players/g/garcibr01.shtml,(2019-2021)
Deivi Garcia,/players/g/garcide01.shtml,(2020-2021)
Edgar Garcia,/players/g/garcied01.shtml,(2019-2020)
Greg Garcia,/players/g/garcigr01.shtml,(2014-2020)
Jarlin Garcia,/players/g/garcija04.shtml,(2017-2021)
José García,/players/g/garcijo02.shtml,(2020-2020)
Leury Garcia,/players/g/garcile02.shtml,(2013-2021)
Luis Garcia,/players/g/garcilu05.shtml,(2020-2021)
Rico Garcia,/players/g/garciri01.shtml,(2019-2020)
Robel Garcia,/players/g/garciro02.shtml,(2019-2021)
Rony Garcia,/players/g/garciro03.shtml,(2020-2020)
Yimi Garcia,/players/g/garciyi01.shtml,(2014-2021)
Brett Gardner,/players/g/gardnbr01.shtml,(2008-2021)
Kyle Garlick,/players/g/garliky01.shtml,(2019-2021)
Dustin Garneau,/players/g/garnedu01.shtml,(2015-2020)
Amir Garrett,/players/g/garream01.shtml,(2017-2021)
Braxton Garrett,/players/g/garrebr01.shtml,(2020-2021)
Mitch Garver,/players/g/garvemi01.shtml,(2017-2021)
Kevin Gausman,/players/g/gausmke01.shtml,(2013-2021)
Sam Gaviglio,/players/g/gavigsa01.shtml,(2017-2020)
Joey Gerber,/players/g/gerbejo01.shtml,(2020-2020)
Domingo German,/players/g/germado01.shtml,(2017-2021)
Ian Gibaut,/players/g/gibauia01.shtml,(2019-2020)
Kyle Gibson,/players/g/gibsoky01.shtml,(2013-2021)
Logan Gilbert,/players/g/gilbelo01.shtml,(2021-2021)
Lucas Gilbreath,/players/g/gilbrlu01.shtml,(2021-2021)
Ken Giles,/players/g/gileske01.shtml,(2014-2020)
Andres Gimenez,/players/g/gimenan01.shtml,(2020-2021)
Kevin Ginkel,/players/g/ginkeke01.shtml,(2019-2021)
Lucas Giolito,/players/g/giolilu01.shtml,(2016-2021)
Mychal Givens,/players/g/givenmy01.shtml,(2015-2021)
Tyler Glasnow,/players/g/glasnty01.shtml,(2016-2021)
Zack Godley,/players/g/godleza01.shtml,(2015-2021)
Ryan Goins,/players/g/goinsry01.shtml,(2013-2020)
Paul Goldschmidt,/players/g/goldspa01.shtml,(2011-2021)
Austin Gomber,/players/g/gombeau01.shtml,(2018-2021)
Yan Gomes,/players/g/gomesya01.shtml,(2012-2021)
Stephen Gonsalves,/players/g/gonsast01.shtml,(2018-2018)
Tony Gonsolin,/players/g/gonsoto01.shtml,(2019-2020)
Marco Gonzales,/players/g/gonzama02.shtml,(2014-2021)
Chi Chi Gonzalez,/players/g/gonzach01.shtml,(2015-2021)
Erik Gonzalez,/players/g/gonzaer01.shtml,(2016-2021)
Luis Gonzalez,/players/g/gonzalu03.shtml,(2020-2021)
Marwin Gonzalez,/players/g/gonzama01.shtml,(2012-2021)
Victor Gonzalez,/players/g/gonzavi02.shtml,(2020-2021)
Niko Goodrum,/players/g/goodrni01.shtml,(2017-2021)
Brian Goodwin,/players/g/goodwbr01.shtml,(2016-2020)
Nick Goody,/players/g/goodyni01.shtml,(2015-2020)
Nick Gordon,/players/g/gordoni01.shtml,(2021-2021)
Terrance Gore,/players/g/gorete01.shtml,(2014-2020)
Anthony Gose,/players/g/gosean01.shtml,(2012-2016)
Phil Gosselin,/players/g/gosseph01.shtml,(2013-2021)
Daniel Gossett,/players/g/gosseda01.shtml,(2017-2018)
Trevor Gott,/players/g/gotttr01.shtml,(2015-2020)
Ashton Goudeau,/players/g/goudeas01.shtml,(2020-2020)
Yasmani Grandal,/players/g/grandya01.shtml,(2012-2021)
Zack Granite,/players/g/graniza01.shtml,(2017-2017)
Brusdar Graterol,/players/g/gratebr01.shtml,(2019-2021)
Juan Graterol,/players/g/grateju01.shtml,(2016-2019)
Kendall Graveman,/players/g/graveke01.shtml,(2014-2021)
Brett Graves,/players/g/gravebr01.shtml,(2018-2018)
Jon Gray,/players/g/grayjo02.shtml,(2015-2021)
Sonny Gray,/players/g/grayso01.shtml,(2013-2021)
Chad Green,/players/g/greench03.shtml,(2016-2021)
Zach Green,/players/g/greenza01.shtml,(2019-2019)
Shane Greene,/players/g/greensh02.shtml,(2014-2020)
Didi Gregorius,/players/g/gregodi01.shtml,(2012-2021)
Grayson Greiner,/players/g/greingr01.shtml,(2018-2021)
Zack Greinke,/players/g/greinza01.shtml,(2004-2021)
Randal Grichuk,/players/g/grichra01.shtml,(2014-2021)
Foster Griffin,/players/g/grifffo01.shtml,(2020-2020)
Justin Grimm,/players/g/grimmju01.shtml,(2012-2020)
Trent Grisham,/players/g/grishtr01.shtml,(2019-2021)
Robbie Grossman,/players/g/grossro01.shtml,(2013-2021)
Zac Grotz,/players/g/grotzza01.shtml,(2019-2020)
Deivy Grullon,/players/g/grullde01.shtml,(2019-2020)
Robert Gsellman,/players/g/gsellro01.shtml,(2016-2021)
Reymin Guduan,/players/g/guduare01.shtml,(2017-2021)
Deolis Guerra,/players/g/guerrde01.shtml,(2015-2021)
Javy Guerra,/players/g/guerrja02.shtml,(2018-2020)
Junior Guerra,/players/g/guerrju02.shtml,(2015-2021)
Tayron Guerrero,/players/g/guerrta01.shtml,(2016-2019)
Vladimir Guerrero Jr.,/players/g/guerrvl02.shtml,(2019-2021)
Taylor Guerrieri,/players/g/guerrta02.shtml,(2018-2019)
Luis Guillorme,/players/g/guilllu01.shtml,(2018-2021)
Preston Guilmet,/players/g/guilmpr01.shtml,(2013-2018)
Lourdes Gurriel Jr.,/players/g/gurrilo01.shtml,(2018-2021)
Yuli Gurriel,/players/g/gourryu01.shtml,(2016-2021)
Jandel Gustave,/players/g/gustaja01.shtml,(2016-2019)
Kelvin Gutierrez,/players/g/gutieke01.shtml,(2019-2021)
Jorge Guzman,/players/g/guzmajo04.shtml,(2020-2020)
Ronald Guzman,/players/g/guzmaro01.shtml,(2018-2021)
Tyler Naquin,/players/n/naquity01.shtml,(2016-2021)
Omar Narvaez,/players/n/narvaom01.shtml,(2016-2021)
Brian Navarreto,/players/n/navarbr01.shtml,(2020-2020)
Josh Naylor,/players/n/naylojo01.shtml,(2019-2021)
Nick Neidert,/players/n/neideni01.shtml,(2020-2021)
Jimmy Nelson,/players/n/nelsoji02.shtml,(2013-2021)
Kyle Nelson,/players/n/nelsoky01.shtml,(2020-2021)
Nick Nelson,/players/n/nelsoni01.shtml,(2020-2021)
Hector Neris,/players/n/nerishe01.shtml,(2014-2021)
Sheldon Neuse,/players/n/neusesh01.shtml,(2019-2021)
Jake Newberry,/players/n/newbeja01.shtml,(2018-2021)
Sean Newcomb,/players/n/newcose01.shtml,(2017-2021)
Kevin Newman,/players/n/newmake01.shtml,(2018-2021)
Ljay Newsome,/players/n/newsolj01.shtml,(2020-2021)
Tomas Nido,/players/n/nidoto01.shtml,(2017-2021)
Brandon Nimmo,/players/n/nimmobr01.shtml,(2016-2021)
Jacob Nix,/players/n/nixja02.shtml,(2018-2018)
Stephen Nogosek,/players/n/nogosst01.shtml,(2019-2019)
John Nogowski,/players/n/nogowjo01.shtml,(2020-2021)
Aaron Nola,/players/n/nolaaa01.shtml,(2015-2021)
Austin Nola,/players/n/nolaau01.shtml,(2019-2021)
Sean Nolin,/players/n/nolinse01.shtml,(2013-2015)
Jake Noll,/players/n/nollja01.shtml,(2019-2020)
Daniel Norris,/players/n/norrida01.shtml,(2014-2021)
Aaron Northcraft,/players/n/northaa01.shtml,(2021-2021)
James Norwood,/players/n/norwoja01.shtml,(2018-2020)
Jacob Nottingham,/players/n/nottija01.shtml,(2018-2021)
Dom Nunez,/players/n/nunezdo01.shtml,(2019-2021)
Renato Nunez,/players/n/nunezre01.shtml,(2016-2021)
Pete Fairbanks,/players/f/fairbpe01.shtml,(2019-2021)
Bailey Falter,/players/f/falteba01.shtml,(2021-2021)
Jeurys Familia,/players/f/familje01.shtml,(2012-2021)
Jake Faria,/players/f/fariaja01.shtml,(2017-2019)
Buck Farmer,/players/f/farmebu01.shtml,(2014-2021)
Kyle Farmer,/players/f/farmeky01.shtml,(2017-2021)
Luke Farrell,/players/f/farrelu01.shtml,(2017-2021)
Erick Fedde,/players/f/feddeer01.shtml,(2017-2021)
Tim Federowicz,/players/f/federti01.shtml,(2011-2019)
Mario Feliciano,/players/f/felicma01.shtml,(2021-2021)
Michael Feliz,/players/f/felizmi01.shtml,(2015-2021)
Neftali Feliz,/players/f/felizne01.shtml,(2009-2017)
Caleb Ferguson,/players/f/ferguca01.shtml,(2018-2020)
Junior Fernandez,/players/f/fernaju01.shtml,(2019-2021)
Matt Festa,/players/f/festama01.shtml,(2018-2019)
J.P. Feyereisen,/players/f/feyerjo01.shtml,(2020-2021)
Mike Fiers,/players/f/fiersmi01.shtml,(2011-2021)
Heath Fillmyer,/players/f/fillmhe01.shtml,(2018-2019)
Brandon Finnegan,/players/f/finnebr01.shtml,(2014-2018)
Kyle Finnegan,/players/f/finneky01.shtml,(2020-2021)
Derek Fisher,/players/f/fishede01.shtml,(2017-2020)
Jay Flaa,/players/f/flaaja01.shtml,(2021-2021)
Jack Flaherty,/players/f/flaheja01.shtml,(2017-2021)
Josh Fleming,/players/f/flemijo01.shtml,(2020-2021)
Aaron Fletcher,/players/f/fletcaa01.shtml,(2020-2021)
David Fletcher,/players/f/fletcda02.shtml,(2018-2021)
Chris Flexen,/players/f/flexech01.shtml,(2017-2021)
Bernardo Flores Jr.,/players/f/florebe01.shtml,(2020-2021)
Ramon Flores,/players/f/florera02.shtml,(2015-2017)
Wilmer Flores,/players/f/florewi01.shtml,(2013-2021)
Estevan Florial,/players/f/flories01.shtml,(2020-2020)
Pedro Florimon,/players/f/floripe01.shtml,(2011-2018)
Dylan Floro,/players/f/florody01.shtml,(2016-2021)
Mike Foltynewicz,/players/f/foltymi01.shtml,(2014-2021)
Mike Ford,/players/f/fordmi01.shtml,(2019-2021)
Logan Forsythe,/players/f/forsylo01.shtml,(2011-2020)
Matt Foster,/players/f/fostema01.shtml,(2020-2021)
Dexter Fowler,/players/f/fowlede01.shtml,(2008-2021)
Dustin Fowler,/players/f/fowledu01.shtml,(2017-2021)
Jake Fraley,/players/f/fraleja01.shtml,(2019-2021)
Ty France,/players/f/francty01.shtml,(2019-2021)
Maikel Franco,/players/f/francma02.shtml,(2014-2021)
Seth Frankoff,/players/f/frankse01.shtml,(2017-2021)
Adam Frazier,/players/f/fraziad01.shtml,(2016-2021)
Clint Frazier,/players/f/frazicl01.shtml,(2017-2021)
Todd Frazier,/players/f/frazito01.shtml,(2011-2021)
Kyle Freeland,/players/f/freelky01.shtml,(2017-2020)
Freddie Freeman,/players/f/freemfr01.shtml,(2010-2021)
Mike Freeman,/players/f/freemmi01.shtml,(2016-2020)
Max Fried,/players/f/friedma01.shtml,(2017-2021)
Jace Fry,/players/f/fryja01.shtml,(2017-2020)
Paul Fry,/players/f/frypa01.shtml,(2018-2021)
Josh Fuentes,/players/f/fuentjo01.shtml,(2019-2021)
Carson Fulmer,/players/f/fulmeca01.shtml,(2016-2021)
Michael Fulmer,/players/f/fulmemi01.shtml,(2016-2021)
Kyle Funkhouser,/players/f/funkhky01.shtml,(2020-2021)
Dakota Bacus,/players/b/bacusda01.shtml,(2020-2020)
Akil Baddoo,/players/b/baddoak01.shtml,(2021-2021)
Harrison Bader,/players/b/baderha01.shtml,(2017-2021)
Javier Baez,/players/b/baezja01.shtml,(2014-2021)
Michel Báez,/players/b/baezmi01.shtml,(2019-2020)
Pedro Baez,/players/b/baezpe01.shtml,(2014-2020)
Brandon Bailey,/players/b/bailebr01.shtml,(2020-2020)
Anthony Banda,/players/b/bandaan01.shtml,(2017-2020)
Jett Bandy,/players/b/bandyje01.shtml,(2015-2018)
Caleb Baragar,/players/b/baragca01.shtml,(2020-2021)
Daniel Bard,/players/b/bardda01.shtml,(2009-2021)
Luke Bard,/players/b/bardlu01.shtml,(2018-2020)
Scott Barlow,/players/b/barlosc01.shtml,(2018-2021)
Austin Barnes,/players/b/barneau01.shtml,(2015-2021)
Jacob Barnes,/players/b/barneja01.shtml,(2016-2021)
Matt Barnes,/players/b/barnema01.shtml,(2014-2021)
Tucker Barnhart,/players/b/barnhtu01.shtml,(2014-2021)
Kyle Barraclough,/players/b/barraky01.shtml,(2015-2019)
Tres Barrera,/players/b/barretr01.shtml,(2019-2021)
Franklin Barreto,/players/b/barrefr02.shtml,(2017-2020)
Aaron Barrett,/players/b/barreaa01.shtml,(2014-2020)
Jaime Barria,/players/b/barrija01.shtml,(2018-2021)
Joey Bart,/players/b/bartjo01.shtml,(2020-2021)
Tyler Bashlor,/players/b/bashlty01.shtml,(2018-2020)
Anthony Bass,/players/b/bassan01.shtml,(2011-2021)
Chris Bassitt,/players/b/bassich01.shtml,(2014-2021)
Trevor Bauer,/players/b/bauertr01.shtml,(2012-2021)
Jake Bauers,/players/b/bauerja01.shtml,(2018-2021)
Rafael Bautista,/players/b/bautira01.shtml,(2017-2018)
Eduard Bazardo,/players/b/bazared01.shtml,(2021-2021)
Jeremy Beasley,/players/b/beaslje01.shtml,(2020-2021)
Matt Beaty,/players/b/beatyma01.shtml,(2019-2021)
Tim Beckham,/players/b/beckhti01.shtml,(2013-2019)
David Bednar,/players/b/bednada01.shtml,(2019-2021)
Cam Bedrosian,/players/b/bedroca01.shtml,(2014-2021)
Tyler Beede,/players/b/beedety01.shtml,(2018-2019)
Jalen Beeks,/players/b/beeksja02.shtml,(2018-2020)
Josh Bell,/players/b/belljo02.shtml,(2016-2021)
Cody Bellinger,/players/b/bellico01.shtml,(2017-2021)
Brandon Belt,/players/b/beltbr01.shtml,(2011-2021)
Anthony Bemboom,/players/b/bemboan01.shtml,(2019-2021)
Anthony Bender,/players/b/bendean01.shtml,(2021-2021)
Andrew Benintendi,/players/b/beninan01.shtml,(2016-2021)
Wes Benjamin,/players/b/benjawe01.shtml,(2020-2021)
Travis Bergen,/players/b/bergetr01.shtml,(2019-2021)
Jose Berrios,/players/b/berrijo01.shtml,(2016-2021)
Jon Berti,/players/b/bertijo01.shtml,(2018-2021)
Dellin Betances,/players/b/betande01.shtml,(2011-2021)
Christian Bethancourt,/players/b/bethach01.shtml,(2013-2017)
Alec Bettinger,/players/b/bettial01.shtml,(2021-2021)
Mookie Betts,/players/b/bettsmo01.shtml,(2014-2021)
Joe Biagini,/players/b/biagijo01.shtml,(2016-2020)
Austin Bibens-Dirkx,/players/b/bibenau01.shtml,(2017-2018)
Bo Bichette,/players/b/bichebo01.shtml,(2019-2021)
Phil Bickford,/players/b/bickfph01.shtml,(2020-2021)
Jesse Biddle,/players/b/biddlje01.shtml,(2018-2021)
Shane Bieber,/players/b/biebesh01.shtml,(2018-2021)
Brandon Bielak,/players/b/bielabr01.shtml,(2020-2021)
Cavan Biggio,/players/b/biggica01.shtml,(2019-2021)
Greg Bird,/players/b/birdgr01.shtml,(2015-2019)
Braden Bishop,/players/b/bishobr01.shtml,(2019-2021)
Ty Blach,/players/b/blachty01.shtml,(2016-2019)
Ray Black,/players/b/blackra01.shtml,(2018-2020)
Paul Blackburn,/players/b/blackpa01.shtml,(2017-2020)
Charlie Blackmon,/players/b/blackch02.shtml,(2011-2021)
Alex Blandino,/players/b/blandal01.shtml,(2018-2021)
Travis Blankenhorn,/players/b/blanktr01.shtml,(2020-2021)
Richard Bleier,/players/b/bleieri01.shtml,(2016-2021)
Scott Blewett,/players/b/blewesc01.shtml,(2020-2020)
Xander Bogaerts,/players/b/bogaexa01.shtml,(2013-2021)
Alec Bohm,/players/b/bohmal01.shtml,(2020-2021)
Ronald Bolanos,/players/b/bolanro01.shtml,(2019-2020)
Skye Bolt,/players/b/boltsk01.shtml,(2019-2021)
Ryan Borucki,/players/b/borucry01.shtml,(2018-2021)
David Bote,/players/b/boteda01.shtml,(2018-2021)
Justin Bour,/players/b/bourju01.shtml,(2014-2019)
James Bourque,/players/b/bourqja01.shtml,(2019-2020)
Ben Bowden,/players/b/bowdebe01.shtml,(2021-2021)
Matt Bowman,/players/b/bowmama01.shtml,(2016-2019)
Brad Boxberger,/players/b/boxbebr01.shtml,(2012-2021)
Matthew Boyd,/players/b/boydma01.shtml,(2015-2021)
Brad Brach,/players/b/brachbr01.shtml,(2011-2020)
Silvino Bracho,/players/b/brachsi01.shtml,(2015-2020)
Chasen Bradford,/players/b/bradfch02.shtml,(2017-2019)
Archie Bradley,/players/b/bradlar01.shtml,(2015-2021)
Bobby Bradley,/players/b/bradlbo01.shtml,(2019-2019)
Jackie Bradley Jr.,/players/b/bradlja02.shtml,(2013-2021)
Michael Brantley,/players/b/brantmi02.shtml,(2009-2021)
Rob Brantly,/players/b/brantro01.shtml,(2012-2020)
Ryan Brasier,/players/b/brasiry01.shtml,(2013-2020)
Steven Brault,/players/b/braulst01.shtml,(2016-2020)
Ben Braymer,/players/b/braymbe01.shtml,(2020-2020)
John Brebbia,/players/b/brebbjo01.shtml,(2017-2019)
Alex Bregman,/players/b/bregmal01.shtml,(2016-2021)
Brandon Brennan,/players/b/brennbr01.shtml,(2019-2020)
Jake Brentz,/players/b/brentja01.shtml,(2021-2021)
Colten Brewer,/players/b/breweco01.shtml,(2018-2020)
Austin Brice,/players/b/briceau01.shtml,(2016-2021)
Jose Briceno,/players/b/bricejo01.shtml,(2018-2020)
Jeff Brigham,/players/b/brighje01.shtml,(2018-2020)
Lewis Brinson,/players/b/brinsle01.shtml,(2017-2021)
Socrates Brito,/players/b/britoso01.shtml,(2015-2019)
Zack Britton,/players/b/brittza01.shtml,(2011-2020)
Connor Brogdon,/players/b/brogdco01.shtml,(2020-2021)
Mike Brosseau,/players/b/brossmi01.shtml,(2019-2021)
Rex Brothers,/players/b/brothre01.shtml,(2011-2021)
Seth Brown,/players/b/brownse01.shtml,(2019-2021)
Keon Broxton,/players/b/broxtke01.shtml,(2015-2019)
JT Brubaker,/players/b/brubajt01.shtml,(2020-2021)
Jaycob Brugman,/players/b/brugmja01.shtml,(2017-2017)
Kris Bryant,/players/b/bryankr01.shtml,(2015-2021)
Kris Bubic,/players/b/bubickr01.shtml,(2020-2021)
Jake Buchanan,/players/b/buchaja01.shtml,(2014-2017)
Ryan Buchter,/players/b/buchtry01.shtml,(2014-2020)
Walker Buehler,/players/b/buehlwa01.shtml,(2017-2021)
J.B. Bukauskas,/players/b/bukaujb01.shtml,(2021-2021)
Madison Bumgarner,/players/b/bumgama01.shtml,(2009-2021)
Aaron Bummer,/players/b/bummeaa01.shtml,(2017-2021)
Dylan Bundy,/players/b/bundydy01.shtml,(2012-2021)
Nick Burdi,/players/b/burdini01.shtml,(2018-2020)
Zack Burdi,/players/b/burdiza01.shtml,(2020-2021)
Brock Burke,/players/b/burkebr01.shtml,(2019-2019)
Corbin Burnes,/players/b/burneco01.shtml,(2018-2021)
Andy Burns,/players/b/burnsan01.shtml,(2016-2016)
Ryan Burr,/players/b/burrry01.shtml,(2018-2019)
Beau Burrows,/players/b/burrobe01.shtml,(2020-2020)
Matt Bush,/players/b/bushma01.shtml,(2016-2021)
Drew Butera,/players/b/buterdr01.shtml,(2010-2021)
Eddie Butler,/players/b/butleed01.shtml,(2014-2018)
Ty Buttrey,/players/b/buttrty01.shtml,(2018-2020)
Byron Buxton,/players/b/buxtoby01.shtml,(2015-2021)
Andres Machado,/players/m/machaan02.shtml,(2017-2017)
Manny Machado,/players/m/machama01.shtml,(2012-2021)
Vimael Machin,/players/m/machivi01.shtml,(2020-2021)
Luis Madero,/players/m/maderlu01.shtml,(2021-2021)
Nick Madrigal,/players/m/madrini01.shtml,(2020-2021)
Kenta Maeda,/players/m/maedake01.shtml,(2016-2021)
Matt Magill,/players/m/magilma01.shtml,(2013-2020)
Tyler Mahle,/players/m/mahlety01.shtml,(2017-2021)
Mikie Mahtook,/players/m/mahtomi01.shtml,(2015-2019)
Luke Maile,/players/m/mailelu01.shtml,(2015-2021)
Martin Maldonado,/players/m/maldoma01.shtml,(2011-2021)
Sean Manaea,/players/m/manaese01.shtml,(2016-2021)
Trey Mancini,/players/m/mancitr01.shtml,(2016-2021)
Joe Mantiply,/players/m/mantijo01.shtml,(2016-2021)
Dillon Maples,/players/m/mapledi01.shtml,(2017-2021)
Tucupita Marcano,/players/m/marcatu01.shtml,(2021-2021)
Rafael Marchan,/players/m/marchra01.shtml,(2020-2021)
Nick Margevicius,/players/m/margeni01.shtml,(2019-2021)
Manuel Margot,/players/m/margoma01.shtml,(2016-2021)
Jake Marisnick,/players/m/marisja01.shtml,(2013-2021)
Parker Markel,/players/m/markepa01.shtml,(2019-2019)
Jose Marmolejos,/players/m/marmojo01.shtml,(2020-2021)
Brailyn Marquez,/players/m/marqubr01.shtml,(2020-2020)
German Marquez,/players/m/marquge01.shtml,(2016-2021)
Deven Marrero,/players/m/marrede01.shtml,(2015-2019)
Evan Marshall,/players/m/marshev01.shtml,(2014-2021)
Ketel Marte,/players/m/marteke01.shtml,(2015-2021)
Starling Marte,/players/m/martest01.shtml,(2012-2021)
Francis Martes,/players/m/martefr01.shtml,(2017-2017)
Brett Martin,/players/m/martibr01.shtml,(2019-2021)
Chris Martin,/players/m/martich02.shtml,(2014-2021)
Corbin Martin,/players/m/martico02.shtml,(2019-2019)
Jason Martin,/players/m/martija03.shtml,(2019-2020)
Richie Martin,/players/m/martiri01.shtml,(2019-2019)
Carlos Martinez,/players/m/martica04.shtml,(2013-2021)
J.D. Martinez,/players/m/martijd02.shtml,(2011-2021)
Jose Martinez,/players/m/martijo08.shtml,(2016-2020)
Nick Martini,/players/m/martini02.shtml,(2018-2021)
James Marvel,/players/m/marveja01.shtml,(2019-2019)
Jorge Mateo,/players/m/mateojo01.shtml,(2020-2021)
Mark Mathias,/players/m/mathima01.shtml,(2020-2020)
Jeff Mathis,/players/m/mathije01.shtml,(2005-2021)
Wyatt Mathisen,/players/m/mathiwy01.shtml,(2020-2021)
Nick Maton,/players/m/matonni01.shtml,(2021-2021)
Phil Maton,/players/m/matonph01.shtml,(2017-2021)
Isaac Mattson,/players/m/mattsis01.shtml,(2021-2021)
Steven Matz,/players/m/matzst01.shtml,(2015-2021)
Tyler Matzek,/players/m/matzety01.shtml,(2014-2021)
Bruce Maxwell,/players/m/maxwebr01.shtml,(2016-2018)
Dustin May,/players/m/maydu01.shtml,(2019-2021)
Trevor May,/players/m/maytr01.shtml,(2014-2021)
Cameron Maybin,/players/m/maybica01.shtml,(2007-2020)
Mike Mayers,/players/m/mayermi01.shtml,(2016-2021)
Jack Mayfield,/players/m/mayfija01.shtml,(2019-2021)
Tim Mayza,/players/m/mayzati01.shtml,(2017-2021)
Nomar Mazara,/players/m/mazarno01.shtml,(2016-2021)
Patrick Mazeika,/players/m/mazeipa01.shtml,(2021-2021)
Chris Mazza,/players/m/mazzach01.shtml,(2019-2021)
Ryan McBroom,/players/m/mcbrory01.shtml,(2019-2021)
James McCann,/players/m/mccanja02.shtml,(2014-2021)
Joe McCarthy,/players/m/mccarjo04.shtml,(2020-2020)
Kevin McCarthy,/players/m/mccarke01.shtml,(2016-2020)
Reggie McClain,/players/m/mcclare01.shtml,(2019-2020)
Shane McClanahan,/players/m/mcclash01.shtml,(2020-2021)
Chas McCormick,/players/m/mccorch01.shtml,(2021-2021)
Lance McCullers Jr.,/players/m/mcculla02.shtml,(2015-2021)
Andrew McCutchen,/players/m/mccutan01.shtml,(2009-2021)
T.J. McFarland,/players/m/mcfartj01.shtml,(2013-2020)
Jake McGee,/players/m/mcgeeja01.shtml,(2010-2021)
Kyle McGowin,/players/m/mcgowky01.shtml,(2018-2021)
Kyle McGrath,/players/m/mcgraky01.shtml,(2017-2018)
Reese McGuire,/players/m/mcguire01.shtml,(2018-2021)
Collin McHugh,/players/m/mchugco01.shtml,(2012-2021)
Brendan McKay,/players/m/mckaybr01.shtml,(2019-2019)
Ryan McKenna,/players/m/mckenry01.shtml,(2021-2021)
Triston McKenzie,/players/m/mckentr01.shtml,(2020-2021)
Billy McKinney,/players/m/mckinbi01.shtml,(2018-2021)
Zach McKinstry,/players/m/mckinza01.shtml,(2020-2021)
Ryan McMahon,/players/m/mcmahry01.shtml,(2017-2021)
Jeff McNeil,/players/m/mcneije01.shtml,(2018-2021)
Alex McRae,/players/m/mcraeal01.shtml,(2018-2021)
Austin Meadows,/players/m/meadoau01.shtml,(2018-2021)
John Means,/players/m/meansjo01.shtml,(2018-2021)
Nick Mears,/players/m/mearsni01.shtml,(2020-2020)
Adonis Medina,/players/m/medinad01.shtml,(2020-2020)
Trevor Megill,/players/m/megiltr01.shtml,(2021-2021)
Ryan Meisinger,/players/m/meisiry01.shtml,(2018-2020)
Erick Mejia,/players/m/mejiaer01.shtml,(2019-2020)
Francisco Mejia,/players/m/mejiafr01.shtml,(2017-2021)
Humberto Mejia,/players/m/mejiahu01.shtml,(2020-2020)
Seth Mejias-Brean,/players/m/mejiase01.shtml,(2019-2019)
Mark Melancon,/players/m/melanma01.shtml,(2009-2021)
Keury Mella,/players/m/mellake01.shtml,(2017-2020)
Danny Mendick,/players/m/mendida01.shtml,(2019-2021)
Conner Menez,/players/m/menezco01.shtml,(2019-2020)
Oscar Mercado,/players/m/mercaos01.shtml,(2019-2020)
Yermin Mercedes,/players/m/merceye01.shtml,(2020-2021)
Jordy Mercer,/players/m/mercejo03.shtml,(2012-2021)
Whit Merrifield,/players/m/merriwh01.shtml,(2016-2021)
Julian Merryweather,/players/m/merryju01.shtml,(2020-2021)
Keynan Middleton,/players/m/middlke01.shtml,(2017-2021)
Miles Mikolas,/players/m/mikolmi01.shtml,(2012-2019)
Wade Miley,/players/m/mileywa01.shtml,(2011-2021)
Andrew Miller,/players/m/millean01.shtml,(2006-2021)
Brad Miller,/players/m/millebr02.shtml,(2013-2021)
Ian Miller,/players/m/milleia01.shtml,(2019-2020)
Justin Miller,/players/m/milleju02.shtml,(2014-2019)
Shelby Miller,/players/m/millesh01.shtml,(2012-2021)
Tyson Miller,/players/m/millety01.shtml,(2020-2020)
Alec Mills,/players/m/millsal02.shtml,(2016-2021)
Wyatt Mills,/players/m/millswy01.shtml,(2021-2021)
Hoby Milner,/players/m/milneho01.shtml,(2017-2021)
Tommy Milone,/players/m/milonto01.shtml,(2011-2021)
Juan Minaya,/players/m/minayju01.shtml,(2016-2019)
Mike Minor,/players/m/minormi01.shtml,(2010-2021)
A.J. Minter,/players/m/minteaj01.shtml,(2017-2021)
Anthony Misiewicz,/players/m/misiean01.shtml,(2020-2021)
Bryan Mitchell,/players/m/mitchbr01.shtml,(2014-2018)
Casey Mize,/players/m/mizeca01.shtml,(2020-2021)
Yadier Molina,/players/m/molinya01.shtml,(2004-2021)
Sam Moll,/players/m/mollsa01.shtml,(2017-2017)
Yoan Moncada,/players/m/moncayo01.shtml,(2016-2021)
Adalberto Mondesi,/players/m/mondera02.shtml,(2016-2020)
Mickey Moniak,/players/m/moniami01.shtml,(2020-2021)
Frankie Montas,/players/m/montafr02.shtml,(2015-2021)
Rafael Montero,/players/m/montera01.shtml,(2014-2021)
Jordan Montgomery,/players/m/montgjo01.shtml,(2017-2021)
Mike Montgomery,/players/m/montgmi01.shtml,(2015-2020)
Andrew Moore,/players/m/moorean02.shtml,(2017-2019)
Dylan Moore,/players/m/mooredy01.shtml,(2019-2021)
Matt Moore,/players/m/moorema02.shtml,(2011-2021)
Brian Moran,/players/m/moranbr01.shtml,(2019-2020)
Colin Moran,/players/m/moranco01.shtml,(2016-2021)
Adrián Morejón,/players/m/morejad01.shtml,(2019-2021)
Mitch Moreland,/players/m/morelmi01.shtml,(2010-2021)
Adam Morgan,/players/m/morgaad01.shtml,(2015-2020)
Shawn Morimando,/players/m/morimsh01.shtml,(2016-2016)
Max Moroff,/players/m/morofma01.shtml,(2016-2021)
Reyes Moronta,/players/m/moronre01.shtml,(2017-2021)
Brandon Morrow,/players/m/morrobr01.shtml,(2007-2018)
Charlie Morton,/players/m/mortoch02.shtml,(2008-2021)
Taylor Motter,/players/m/motteta01.shtml,(2016-2018)
Ryan Mountcastle,/players/m/mountry01.shtml,(2020-2021)
Mike Moustakas,/players/m/moustmi01.shtml,(2011-2021)
Jose Mujica,/players/m/mujicjo01.shtml,(2020-2020)
Cedric Mullins,/players/m/mullice01.shtml,(2018-2021)
Max Muncy,/players/m/muncyma01.shtml,(2015-2021)
Andres Munoz,/players/m/munozan01.shtml,(2019-2019)
Yairo Munoz,/players/m/munozya01.shtml,(2018-2020)
Patrick Murphy,/players/m/murphpa02.shtml,(2020-2020)
Sean Murphy,/players/m/murphse01.shtml,(2019-2021)
Tom Murphy,/players/m/murphto04.shtml,(2015-2021)
Joe Musgrove,/players/m/musgrjo01.shtml,(2016-2021)
Wil Myers,/players/m/myerswi01.shtml,(2013-2021)
Casey Sadler,/players/s/sadleca02.shtml,(2014-2021)
Connor Sadzeck,/players/s/sadzeco01.shtml,(2018-2019)
Chris Sale,/players/s/salech01.shtml,(2010-2019)
Adrian Sampson,/players/s/sampsad01.shtml,(2016-2019)
Keyvius Sampson,/players/s/sampske01.shtml,(2015-2016)
Carlos Sanabria,/players/s/sanabca01.shtml,(2020-2020)
Aaron Sanchez,/players/s/sanchaa01.shtml,(2014-2021)
Adrian Sanchez,/players/s/sanchad01.shtml,(2017-2019)
Ali Sanchez,/players/s/sanchal04.shtml,(2020-2021)
Gary Sanchez,/players/s/sanchga02.shtml,(2015-2021)
Jesus Sanchez,/players/s/sanchje02.shtml,(2020-2020)
Sixto Sanchez,/players/s/sanchsi01.shtml,(2020-2020)
Yolmer Sanchez,/players/s/sanchca01.shtml,(2014-2020)
Nick Sandlin,/players/s/sandlni01.shtml,(2021-2021)
Pablo Sandoval,/players/s/sandopa01.shtml,(2008-2021)
Patrick Sandoval,/players/s/sandopa02.shtml,(2019-2021)
Miguel Sano,/players/s/sanomi01.shtml,(2015-2021)
Carlos Santana,/players/s/santaca01.shtml,(2010-2021)
Danny Santana,/players/s/santada01.shtml,(2014-2020)
Dennis Santana,/players/s/santade01.shtml,(2018-2021)
Edgar Santana,/players/s/santaed01.shtml,(2017-2021)
Ervin Santana,/players/s/santaer01.shtml,(2005-2021)
Anthony Santander,/players/s/santaan02.shtml,(2017-2021)
Hector Santiago,/players/s/santihe01.shtml,(2011-2019)
Antonio Santos,/players/s/santoan02.shtml,(2020-2021)
Gregory Santos,/players/s/santogr01.shtml,(2021-2021)
Hirokazu Sawamura,/players/s/sawamhi01.shtml,(2021-2021)
Josh Sborz,/players/s/sborzjo01.shtml,(2019-2021)
Mac Sceroler,/players/s/sceroma01.shtml,(2021-2021)
Scott Schebler,/players/s/schebsc01.shtml,(2015-2021)
Max Scherzer,/players/s/scherma01.shtml,(2008-2021)
Brian Schlitter,/players/s/schlibr01.shtml,(2010-2019)
Clarke Schmidt,/players/s/schmicl01.shtml,(2020-2020)
Jonathan Schoop,/players/s/schoojo01.shtml,(2013-2021)
John Schreiber,/players/s/schrejo01.shtml,(2019-2020)
Max Schrock,/players/s/schroma01.shtml,(2020-2021)
A.J. Schugel,/players/s/schugaj01.shtml,(2015-2017)
Jaime Schultz,/players/s/schulja02.shtml,(2018-2019)
Kyle Schwarber,/players/s/schwaky01.shtml,(2015-2021)
Frank Schwindel,/players/s/schwifr01.shtml,(2019-2019)
Tanner Scott,/players/s/scottta01.shtml,(2017-2021)
Andre Scrubb,/players/s/scruban01.shtml,(2020-2021)
Corey Seager,/players/s/seageco01.shtml,(2015-2021)
Kyle Seager,/players/s/seageky01.shtml,(2011-2021)
Jean Segura,/players/s/segurje01.shtml,(2012-2021)
Sam Selman,/players/s/selmasa01.shtml,(2019-2021)
Marcus Semien,/players/s/semiema01.shtml,(2013-2021)
Antonio Senzatela,/players/s/senzaan01.shtml,(2017-2021)
Nick Senzel,/players/s/senzeni01.shtml,(2019-2021)
Luis Severino,/players/s/severlu01.shtml,(2015-2019)
Pedro Severino,/players/s/severpe01.shtml,(2015-2021)
Paul Sewald,/players/s/sewalpa01.shtml,(2017-2021)
Sterling Sharp,/players/s/sharpst01.shtml,(2020-2020)
Bryan Shaw,/players/s/shawbr01.shtml,(2011-2021)
Chris Shaw,/players/s/shawch01.shtml,(2018-2019)
Travis Shaw,/players/s/shawtr01.shtml,(2015-2021)
Mike Shawaryn,/players/s/shawami01.shtml,(2019-2019)
Jordan Sheffield,/players/s/sheffjo01.shtml,(2021-2021)
Justus Sheffield,/players/s/sheffju01.shtml,(2018-2021)
Chandler Shepherd,/players/s/shephch01.shtml,(2019-2019)
James Sherfy,/players/s/sherfji01.shtml,(2017-2019)
Ryan Sherriff,/players/s/sherrry01.shtml,(2017-2021)
Braden Shipley,/players/s/shiplbr01.shtml,(2016-2018)
Matt Shoemaker,/players/s/shoemma01.shtml,(2013-2021)
Zack Short,/players/s/shortza01.shtml,(2021-2021)
Chasen Shreve,/players/s/shrevch01.shtml,(2014-2021)
Magneuris Sierra,/players/s/sierrma01.shtml,(2017-2021)
Andrelton Simmons,/players/s/simmoan01.shtml,(2012-2021)
Lucas Sims,/players/s/simslu01.shtml,(2017-2021)
Brady Singer,/players/s/singebr01.shtml,(2020-2021)
Chance Sisco,/players/s/siscoch01.shtml,(2017-2021)
Eric Skoglund,/players/s/skogler01.shtml,(2017-2019)
Tarik Skubal,/players/s/skubata01.shtml,(2020-2021)
Austin Slater,/players/s/slateau01.shtml,(2017-2021)
Aaron Slegers,/players/s/slegeaa01.shtml,(2017-2021)
Devin Smeltzer,/players/s/smeltde01.shtml,(2019-2021)
Burch Smith,/players/s/smithbu03.shtml,(2013-2021)
Caleb Smith,/players/s/smithca03.shtml,(2017-2021)
Dominic Smith,/players/s/smithdo02.shtml,(2017-2021)
Drew Smith,/players/s/smithdr01.shtml,(2018-2021)
Dwight Smith Jr.,/players/s/smithdw02.shtml,(2017-2020)
Joe Smith,/players/s/smithjo05.shtml,(2007-2021)
Josh A. Smith,/players/s/smithjo07.shtml,(2015-2020)
Kevan Smith,/players/s/smithke04.shtml,(2016-2021)
Mallex Smith,/players/s/smithma05.shtml,(2016-2020)
Pavin Smith,/players/s/smithpa04.shtml,(2020-2021)
Riley Smith,/players/s/smithri01.shtml,(2020-2021)
Will Smith,/players/s/smithwi05.shtml,(2019-2021)
Drew Smyly,/players/s/smylydr01.shtml,(2012-2021)
Blake Snell,/players/s/snellbl01.shtml,(2016-2021)
Travis Snider,/players/s/snidetr01.shtml,(2008-2015)
Brandon Snyder,/players/s/snydebr03.shtml,(2010-2018)
Chad Sobotka,/players/s/sobotch01.shtml,(2018-2020)
Eric Sogard,/players/s/sogarer01.shtml,(2010-2021)
Nick Solak,/players/s/solakni01.shtml,(2019-2021)
Donovan Solano,/players/s/solando01.shtml,(2012-2021)
Jorge Soler,/players/s/solerjo01.shtml,(2014-2021)
Peter Solomon,/players/s/solompe01.shtml,(2021-2021)
Joakim Soria,/players/s/soriajo01.shtml,(2007-2021)
Mike Soroka,/players/s/sorokmi01.shtml,(2018-2020)
Edmundo Sosa,/players/s/sosaed01.shtml,(2018-2021)
Elliot Soto,/players/s/sotoel01.shtml,(2020-2020)
Gregory Soto,/players/s/sotogr01.shtml,(2019-2021)
Juan Soto,/players/s/sotoju01.shtml,(2018-2021)
Steven Souza Jr.,/players/s/souzast01.shtml,(2014-2020)
Glenn Sparkman,/players/s/sparkgl01.shtml,(2017-2020)
Gabe Speier,/players/s/speiega01.shtml,(2019-2020)
George Springer,/players/s/springe01.shtml,(2014-2021)
Jeffrey Springs,/players/s/sprinje01.shtml,(2018-2021)
Locke St. John,/players/s/stjohlo01.shtml,(2019-2019)
Jacob Stallings,/players/s/stallja01.shtml,(2016-2021)
Eric Stamets,/players/s/stameer01.shtml,(2019-2019)
Craig Stammen,/players/s/stammcr01.shtml,(2009-2021)
Ryne Stanek,/players/s/stanery01.shtml,(2017-2021)
Giancarlo Stanton,/players/s/stantmi03.shtml,(2010-2021)
Bubba Starling,/players/s/starlbu01.shtml,(2019-2020)
Cody Stashak,/players/s/stashco01.shtml,(2019-2021)
Max Stassi,/players/s/stassma01.shtml,(2013-2021)
Josh Staumont,/players/s/staumjo01.shtml,(2019-2021)
Drew Steckenrider,/players/s/steckdr01.shtml,(2017-2021)
Justin Steele,/players/s/steelju01.shtml,(2021-2021)
Trevor Stephan,/players/s/stephtr01.shtml,(2021-2021)
Robert Stephenson,/players/s/stephro01.shtml,(2016-2021)
Tyler Stephenson,/players/s/stephty01.shtml,(2020-2021)
Andrew Stevenson,/players/s/stevean01.shtml,(2017-2021)
Brock Stewart,/players/s/stewabr01.shtml,(2016-2019)
Christin Stewart,/players/s/stewach02.shtml,(2018-2020)
DJ Stewart,/players/s/stewadj01.shtml,(2018-2021)
Kohl Stewart,/players/s/stewako01.shtml,(2018-2019)
Jonathan Stiever,/players/s/stievjo01.shtml,(2020-2021)
Robert Stock,/players/s/stockro01.shtml,(2018-2020)
Troy Stokes Jr.,/players/s/stoketr01.shtml,(2021-2021)
Trevor Story,/players/s/storytr01.shtml,(2016-2021)
Matt Strahm,/players/s/strahma01.shtml,(2016-2020)
Dee Strange-Gordon,/players/g/gordode01.shtml,(2011-2020)
Stephen Strasburg,/players/s/strasst01.shtml,(2010-2021)
Chris Stratton,/players/s/stratch01.shtml,(2016-2021)
Myles Straw,/players/s/strawmy01.shtml,(2018-2021)
Hunter Strickland,/players/s/strichu01.shtml,(2014-2021)
Ross Stripling,/players/s/stripro01.shtml,(2016-2021)
Marcus Stroman,/players/s/stromma01.shtml,(2014-2021)
Pedro Strop,/players/s/stroppe01.shtml,(2009-2021)
Garrett Stubbs,/players/s/stubbga01.shtml,(2019-2021)
Eugenio Suarez,/players/s/suareeu01.shtml,(2014-2021)
Jose Suarez,/players/s/suarejo01.shtml,(2019-2021)
Ranger Suarez,/players/s/suarera01.shtml,(2018-2021)
Wander Suero,/players/s/suerowa01.shtml,(2018-2021)
Cole Sulser,/players/s/sulseco01.shtml,(2019-2021)
Andrew Susac,/players/s/susacan01.shtml,(2014-2020)
Brent Suter,/players/s/suterbr01.shtml,(2016-2021)
Kurt Suzuki,/players/s/suzukku01.shtml,(2007-2021)
Dansby Swanson,/players/s/swansda01.shtml,(2016-2021)
Erik Swanson,/players/s/swanser01.shtml,(2019-2021)
Anthony Swarzak,/players/s/swarzan01.shtml,(2009-2021)
Blake Swihart,/players/s/swihabl01.shtml,(2015-2019)
Noah Syndergaard,/players/s/syndeno01.shtml,(2015-2019)
Matt Szczur,/players/s/szczuma01.shtml,(2014-2018)
Darren O'Day,/players/o/odayda01.shtml,(2008-2021)
Brian O'Grady,/players/o/ogradbr01.shtml,(2019-2021)
Ryan O'Hearn,/players/o/ohearry01.shtml,(2018-2021)
Tyler O'Neill,/players/o/oneilty01.shtml,(2018-2021)
Scott Oberg,/players/o/obergsc01.shtml,(2015-2019)
Joseph Odom,/players/o/odomjo01.shtml,(2020-2021)
Rougned Odor,/players/o/odorro01.shtml,(2014-2021)
Jake Odorizzi,/players/o/odorija01.shtml,(2012-2021)
Shohei Ohtani,/players/o/ohtansh01.shtml,(2018-2021)
Steven Okert,/players/o/okertst01.shtml,(2016-2018)
Jared Oliva,/players/o/olivaja01.shtml,(2020-2020)
Edward Olivares,/players/o/olivaed02.shtml,(2020-2020)
Matt Olson,/players/o/olsonma02.shtml,(2016-2021)
Tyler Olson,/players/o/olsonty01.shtml,(2015-2019)
Jorge Oña,/players/o/onajo01.shtml,(2020-2020)
Rafael Ortega,/players/o/ortegra01.shtml,(2012-2019)
Luis Ortiz,/players/o/ortizlu02.shtml,(2018-2019)
Josh Osich,/players/o/osichjo01.shtml,(2015-2020)
Corey Oswalt,/players/o/oswalco01.shtml,(2018-2020)
Adam Ottavino,/players/o/ottavad01.shtml,(2010-2021)
Johan Oviedo,/players/o/oviedjo01.shtml,(2020-2021)
Luis Oviedo,/players/o/oviedlu01.shtml,(2021-2021)
Hunter Owen,/players/o/owenhu01.shtml,(2021-2021)
Chris Owings,/players/o/owingch01.shtml,(2013-2021)
Marcell Ozuna,/players/o/ozunama01.shtml,(2013-2021)
Eric Haase,/players/h/haaseer01.shtml,(2018-2021)
Josh Hader,/players/h/haderjo01.shtml,(2017-2021)
Jake Hager,/players/h/hagerja01.shtml,(2021-2021)
Sam Haggerty,/players/h/haggesa01.shtml,(2019-2021)
Jesse Hahn,/players/h/hahnje01.shtml,(2014-2021)
David Hale,/players/h/haleda02.shtml,(2013-2021)
Matt Hall,/players/h/hallma02.shtml,(2018-2020)
Billy Hamilton,/players/h/hamilbi02.shtml,(2013-2021)
Ian Hamilton,/players/h/hamilia01.shtml,(2018-2020)
J.D. Hammer,/players/h/hammejd01.shtml,(2019-2019)
Garrett Hampson,/players/h/hampsga01.shtml,(2018-2021)
Brad Hand,/players/h/handbr01.shtml,(2011-2021)
Eric Hanhold,/players/h/hanhoer01.shtml,(2018-2018)
Mitch Haniger,/players/h/hanigmi01.shtml,(2016-2021)
Ian Happ,/players/h/happia01.shtml,(2017-2021)
J.A. Happ,/players/h/happja01.shtml,(2007-2021)
Blaine Hardy,/players/h/hardybl01.shtml,(2014-2019)
Bryce Harper,/players/h/harpebr03.shtml,(2012-2021)
Ryne Harper,/players/h/harpery01.shtml,(2019-2021)
Will Harris,/players/h/harriwi10.shtml,(2012-2021)
Josh Harrison,/players/h/harrijo05.shtml,(2011-2021)
Monte Harrison,/players/h/harrimo01.shtml,(2020-2021)
Kyle Hart,/players/h/hartky01.shtml,(2020-2020)
Geoff Hartlieb,/players/h/hartlge01.shtml,(2019-2021)
Hunter Harvey,/players/h/harvehu01.shtml,(2019-2020)
Joe Harvey,/players/h/harvejo01.shtml,(2019-2020)
Matt Harvey,/players/h/harvema01.shtml,(2012-2021)
Adam Haseley,/players/h/haselad01.shtml,(2019-2021)
Thomas Hatch,/players/h/hatchto01.shtml,(2020-2020)
Ke'Bryan Hayes,/players/h/hayeske01.shtml,(2020-2021)
Austin Hays,/players/h/haysau01.shtml,(2017-2021)
Louis Head,/players/h/headlo01.shtml,(2021-2021)
Andrew Heaney,/players/h/heanean01.shtml,(2014-2021)
Taylor Hearn,/players/h/hearnta01.shtml,(2019-2021)
Nick Heath,/players/h/heathni01.shtml,(2020-2021)
Austin Hedges,/players/h/hedgeau01.shtml,(2015-2021)
Jonah Heim,/players/h/heimjo01.shtml,(2020-2021)
Scott Heineman,/players/h/heinesc01.shtml,(2019-2020)
Tyler Heineman,/players/h/heinety01.shtml,(2019-2020)
Ben Heller,/players/h/hellebe01.shtml,(2016-2020)
Ryan Helsley,/players/h/helslry01.shtml,(2019-2021)
Heath Hembree,/players/h/hembrhe01.shtml,(2013-2021)
Kyle Hendricks,/players/h/hendrky01.shtml,(2014-2021)
Liam Hendriks,/players/h/hendrli01.shtml,(2011-2021)
Ryan Hendrix,/players/h/hendrry01.shtml,(2021-2021)
Sam Hentges,/players/h/hentgsa01.shtml,(2021-2021)
Guillermo Heredia,/players/h/heredgu01.shtml,(2016-2021)
Jimmy Herget,/players/h/hergeji01.shtml,(2019-2020)
Michael Hermosillo,/players/h/hermomi01.shtml,(2018-2020)
Carlos Hernandez,/players/h/hernaca04.shtml,(2020-2021)
Cesar Hernandez,/players/h/hernace02.shtml,(2013-2021)
Darwinzon Hernandez,/players/h/hernada02.shtml,(2019-2021)
Elieser Hernandez,/players/h/hernael01.shtml,(2018-2021)
Enrique Hernandez,/players/h/hernaen02.shtml,(2014-2021)
Jonathan Hernandez,/players/h/hernajo02.shtml,(2019-2020)
Marco Hernandez,/players/h/hernama02.shtml,(2016-2019)
Teoscar Hernandez,/players/h/hernate01.shtml,(2016-2021)
Yadiel Hernández,/players/h/hernaya01.shtml,(2020-2021)
Dilson Herrera,/players/h/herredi01.shtml,(2014-2020)
Odubel Herrera,/players/h/herreod01.shtml,(2015-2021)
Chris Herrmann,/players/h/herrmch01.shtml,(2012-2019)
David Hess,/players/h/hessda01.shtml,(2018-2020)
Codi Heuer,/players/h/heuerco01.shtml,(2020-2021)
Jason Heyward,/players/h/heywaja01.shtml,(2010-2021)
Aaron Hicks,/players/h/hicksaa01.shtml,(2013-2021)
John Hicks,/players/h/hicksjo02.shtml,(2015-2019)
Jordan Hicks,/players/h/hicksjo03.shtml,(2018-2021)
Kyle Higashioka,/players/h/higasky01.shtml,(2017-2021)
Trevor Hildenberger,/players/h/hildetr01.shtml,(2017-2021)
Cam Hill,/players/h/hillca02.shtml,(2020-2020)
Derek Hill,/players/h/hillde01.shtml,(2020-2021)
Rich Hill,/players/h/hillri01.shtml,(2005-2021)
Tim Hill,/players/h/hillti01.shtml,(2018-2021)
Sam Hilliard,/players/h/hillisa01.shtml,(2019-2021)
Keston Hiura,/players/h/hiurake01.shtml,(2019-2021)
Nico Hoerner,/players/h/hoernni01.shtml,(2019-2021)
Jeff Hoffman,/players/h/hoffmje02.shtml,(2016-2021)
Bryan Holaday,/players/h/holadbr01.shtml,(2012-2020)
Jonathan Holder,/players/h/holdejo02.shtml,(2016-2020)
Derek Holland,/players/h/hollade01.shtml,(2009-2021)
Greg Holland,/players/h/hollagr01.shtml,(2010-2021)
Jordan Holloway,/players/h/hollojo01.shtml,(2020-2021)
Clay Holmes,/players/h/holmecl01.shtml,(2018-2021)
Brock Holt,/players/h/holtbr01.shtml,(2012-2021)
Brent Honeywell Jr.,/players/h/honeybr01.shtml,(2021-2021)
Rhys Hoskins,/players/h/hoskirh01.shtml,(2017-2021)
Eric Hosmer,/players/h/hosmeer01.shtml,(2011-2021)
Tanner Houck,/players/h/houckta01.shtml,(2020-2021)
Adrian Houser,/players/h/housead01.shtml,(2015-2021)
Sam Howard,/players/h/howarsa01.shtml,(2018-2021)
Spencer Howard,/players/h/howarsp01.shtml,(2020-2021)
James Hoyt,/players/h/hoytja01.shtml,(2016-2021)
Dakota Hudson,/players/h/hudsoda02.shtml,(2018-2020)
Daniel Hudson,/players/h/hudsoda01.shtml,(2009-2021)
Joe Hudson,/players/h/hudsojo03.shtml,(2018-2020)
David Huff,/players/h/huffda01.shtml,(2009-2016)
Sam Huff,/players/h/huffsa01.shtml,(2020-2020)
Tommy Hunter,/players/h/hunteto02.shtml,(2008-2021)
Scott Hurst,/players/h/hurstsc01.shtml,(2021-2021)
Drew Hutchison,/players/h/hutchdr01.shtml,(2012-2018)
